{"(4,2,4)":{"meta":{"(15,2,15)":{"fields":{"formspec":"\t\tsize[8,5.5;]\n\t\tfield[0.2,0.5;1,1;xoffset;X Offset;${xoffset}]\n\t\tfield[1.2,0.5;1,1;yoffset;Y Offset;${yoffset}]\n\t\tfield[2.2,0.5;1,1;zoffset;Z Offset;${zoffset}]\n\t\tbutton_exit[6.1,0.2;2,1;save;Save]\n\t\tlabel[4,0.5;Item]\n\t\tlist[context;main;5,0.2;1,1;]\n\t\tlist[current_player;main;0,1.5;8,4;]\n\t\tlistring[]\n\t","xoffset":"0","yoffset":"1","zoffset":"0"},"inventory":{"main":["super_sam:flower_1"]}},"(5,1,12)":{"fields":{"highscore_name":"sandbox","tpx":"-43","tpy":"0","tpz":"3015"},"inventory":null}},"timers":null}}