{"(0,0,3)":{"meta":{"(12,11,15)":{"fields":{"formspec":"        size[8,5.5;]\n        field[0.2,0.5;1,1;xoffset;X Offset;${xoffset}]\n        field[1.2,0.5;1,1;yoffset;Y Offset;${yoffset}]\n        field[2.2,0.5;1,1;zoffset;Z Offset;${zoffset}]\n        button_exit[6.1,0.2;2,1;save;Save]\n        label[4,0.5;Item]\n        list[context;main;5,0.2;1,1;]\n        list[current_player;main;0,1.5;8,4;]\n        listring[]\n    ","xoffset":"0","yoffset":"2","zoffset":"0"},"inventory":{"main":["super_sam:coin"]}},"(14,11,15)":{"fields":{"formspec":"        size[8,5.5;]\n        field[0.2,0.5;1,1;xoffset;X Offset;${xoffset}]\n        field[1.2,0.5;1,1;yoffset;Y Offset;${yoffset}]\n        field[2.2,0.5;1,1;zoffset;Z Offset;${zoffset}]\n        button_exit[6.1,0.2;2,1;save;Save]\n        label[4,0.5;Item]\n        list[context;main;5,0.2;1,1;]\n        list[current_player;main;0,1.5;8,4;]\n        listring[]\n    ","xoffset":"0","yoffset":"2","zoffset":"0"},"inventory":{"main":["super_sam:coin"]}}},"timers":null},"(0,0,4)":{"meta":{"(12,11,5)":{"fields":{"formspec":"        size[8,5.5;]\n        field[0.2,0.5;1,1;xoffset;X Offset;${xoffset}]\n        field[1.2,0.5;1,1;yoffset;Y Offset;${yoffset}]\n        field[2.2,0.5;1,1;zoffset;Z Offset;${zoffset}]\n        button_exit[6.1,0.2;2,1;save;Save]\n        label[4,0.5;Item]\n        list[context;main;5,0.2;1,1;]\n        list[current_player;main;0,1.5;8,4;]\n        listring[]\n    ","xoffset":"0","yoffset":"2","zoffset":"0"},"inventory":{"main":["super_sam:coin"]}},"(14,11,5)":{"fields":{"formspec":"        size[8,5.5;]\n        field[0.2,0.5;1,1;xoffset;X Offset;${xoffset}]\n        field[1.2,0.5;1,1;yoffset;Y Offset;${yoffset}]\n        field[2.2,0.5;1,1;zoffset;Z Offset;${zoffset}]\n        button_exit[6.1,0.2;2,1;save;Save]\n        label[4,0.5;Item]\n        list[context;main;5,0.2;1,1;]\n        list[current_player;main;0,1.5;8,4;]\n        listring[]\n    ","xoffset":"0","yoffset":"2","zoffset":"0"},"inventory":{"main":["super_sam:coin"]}},"(5,13,2)":{"fields":{"name":"s01e05","time":"120","xminus":"1","xplus":"47","yminus":"5","yplus":"6","zminus":"8","zplus":"9"},"inventory":null}},"timers":null},"(0,2,3)":{"meta":{"(5,12,15)":{"fields":{"formspec":"        size[8,5.5;]\n        field[0.2,0.5;1,1;xoffset;X Offset;${xoffset}]\n        field[1.2,0.5;1,1;yoffset;Y Offset;${yoffset}]\n        field[2.2,0.5;1,1;zoffset;Z Offset;${zoffset}]\n        button_exit[6.1,0.2;2,1;save;Save]\n        label[4,0.5;Item]\n        list[context;main;5,0.2;1,1;]\n        list[current_player;main;0,1.5;8,4;]\n        listring[]\n    ","xoffset":"0","yoffset":"2","zoffset":"0"},"inventory":{"main":["super_sam:coin"]}}},"timers":null},"(0,2,4)":{"meta":{"(8,1,2)":{"fields":{"formspec":"        size[8,5.5;]\n        field[0.2,0.5;1,1;xoffset;X Offset;${xoffset}]\n        field[1.2,0.5;1,1;yoffset;Y Offset;${yoffset}]\n        field[2.2,0.5;1,1;zoffset;Z Offset;${zoffset}]\n        button_exit[6.1,0.2;2,1;save;Save]\n        label[4,0.5;Item]\n        list[context;main;5,0.2;1,1;]\n        list[current_player;main;0,1.5;8,4;]\n        listring[]\n    ","xoffset":"-3","yoffset":"0","zoffset":"0"},"inventory":{"main":["super_sam:coin"]}},"(8,13,2)":{"fields":{"formspec":"        size[8,5.5;]\n        field[0.2,0.5;1,1;xoffset;X Offset;${xoffset}]\n        field[1.2,0.5;1,1;yoffset;Y Offset;${yoffset}]\n        field[2.2,0.5;1,1;zoffset;Z Offset;${zoffset}]\n        button_exit[6.1,0.2;2,1;save;Save]\n        label[4,0.5;Item]\n        list[context;main;5,0.2;1,1;]\n        list[current_player;main;0,1.5;8,4;]\n        listring[]\n    ","xoffset":"-3","yoffset":"0","zoffset":"0"},"inventory":{"main":["super_sam:coin"]}},"(8,5,2)":{"fields":{"formspec":"        size[8,5.5;]\n        field[0.2,0.5;1,1;xoffset;X Offset;${xoffset}]\n        field[1.2,0.5;1,1;yoffset;Y Offset;${yoffset}]\n        field[2.2,0.5;1,1;zoffset;Z Offset;${zoffset}]\n        button_exit[6.1,0.2;2,1;save;Save]\n        label[4,0.5;Item]\n        list[context;main;5,0.2;1,1;]\n        list[current_player;main;0,1.5;8,4;]\n        listring[]\n    ","xoffset":"-3","yoffset":"0","zoffset":"0"},"inventory":{"main":["super_sam:coin"]}},"(8,9,2)":{"fields":{"formspec":"        size[8,5.5;]\n        field[0.2,0.5;1,1;xoffset;X Offset;${xoffset}]\n        field[1.2,0.5;1,1;yoffset;Y Offset;${yoffset}]\n        field[2.2,0.5;1,1;zoffset;Z Offset;${zoffset}]\n        button_exit[6.1,0.2;2,1;save;Save]\n        label[4,0.5;Item]\n        list[context;main;5,0.2;1,1;]\n        list[current_player;main;0,1.5;8,4;]\n        listring[]\n    ","xoffset":"-3","yoffset":"0","zoffset":"0"},"inventory":{"main":["super_sam:coin"]}}},"timers":null},"(0,3,4)":{"meta":{"(8,1,2)":{"fields":{"formspec":"        size[8,5.5;]\n        field[0.2,0.5;1,1;xoffset;X Offset;${xoffset}]\n        field[1.2,0.5;1,1;yoffset;Y Offset;${yoffset}]\n        field[2.2,0.5;1,1;zoffset;Z Offset;${zoffset}]\n        button_exit[6.1,0.2;2,1;save;Save]\n        label[4,0.5;Item]\n        list[context;main;5,0.2;1,1;]\n        list[current_player;main;0,1.5;8,4;]\n        listring[]\n    ","xoffset":"-3","yoffset":"0","zoffset":"0"},"inventory":{"main":["super_sam:coin"]}},"(8,13,2)":{"fields":{"formspec":"        size[8,5.5;]\n        field[0.2,0.5;1,1;xoffset;X Offset;${xoffset}]\n        field[1.2,0.5;1,1;yoffset;Y Offset;${yoffset}]\n        field[2.2,0.5;1,1;zoffset;Z Offset;${zoffset}]\n        button_exit[6.1,0.2;2,1;save;Save]\n        label[4,0.5;Item]\n        list[context;main;5,0.2;1,1;]\n        list[current_player;main;0,1.5;8,4;]\n        listring[]\n    ","xoffset":"-3","yoffset":"0","zoffset":"0"},"inventory":{"main":["super_sam:coin"]}},"(8,5,2)":{"fields":{"formspec":"        size[8,5.5;]\n        field[0.2,0.5;1,1;xoffset;X Offset;${xoffset}]\n        field[1.2,0.5;1,1;yoffset;Y Offset;${yoffset}]\n        field[2.2,0.5;1,1;zoffset;Z Offset;${zoffset}]\n        button_exit[6.1,0.2;2,1;save;Save]\n        label[4,0.5;Item]\n        list[context;main;5,0.2;1,1;]\n        list[current_player;main;0,1.5;8,4;]\n        listring[]\n    ","xoffset":"-3","yoffset":"0","zoffset":"0"},"inventory":{"main":["super_sam:coin"]}},"(8,9,2)":{"fields":{"formspec":"        size[8,5.5;]\n        field[0.2,0.5;1,1;xoffset;X Offset;${xoffset}]\n        field[1.2,0.5;1,1;yoffset;Y Offset;${yoffset}]\n        field[2.2,0.5;1,1;zoffset;Z Offset;${zoffset}]\n        button_exit[6.1,0.2;2,1;save;Save]\n        label[4,0.5;Item]\n        list[context;main;5,0.2;1,1;]\n        list[current_player;main;0,1.5;8,4;]\n        listring[]\n    ","xoffset":"-3","yoffset":"0","zoffset":"0"},"inventory":{"main":["super_sam:coin"]}}},"timers":null},"(0,4,3)":{"meta":{"(5,0,15)":{"fields":{"name":"s01e04","time":"120","xminus":"4","xplus":"3","yminus":"52","yplus":"5","zminus":"2","zplus":"5"},"inventory":null}},"timers":null},"(1,0,3)":{"meta":{"(0,11,15)":{"fields":{"formspec":"        size[8,5.5;]\n        field[0.2,0.5;1,1;xoffset;X Offset;${xoffset}]\n        field[1.2,0.5;1,1;yoffset;Y Offset;${yoffset}]\n        field[2.2,0.5;1,1;zoffset;Z Offset;${zoffset}]\n        button_exit[6.1,0.2;2,1;save;Save]\n        label[4,0.5;Item]\n        list[context;main;5,0.2;1,1;]\n        list[current_player;main;0,1.5;8,4;]\n        listring[]\n    ","xoffset":"0","yoffset":"2","zoffset":"0"},"inventory":{"main":["super_sam:coin"]}},"(12,7,11)":{"fields":{"formspec":"        size[8,5.5;]\n        field[0.2,0.5;1,1;xoffset;X Offset;${xoffset}]\n        field[1.2,0.5;1,1;yoffset;Y Offset;${yoffset}]\n        field[2.2,0.5;1,1;zoffset;Z Offset;${zoffset}]\n        button_exit[6.1,0.2;2,1;save;Save]\n        label[4,0.5;Item]\n        list[context;main;5,0.2;1,1;]\n        list[current_player;main;0,1.5;8,4;]\n        listring[]\n    ","xoffset":"0","yoffset":"6","zoffset":"0"},"inventory":{"main":["super_sam:coin"]}},"(13,7,11)":{"fields":{"formspec":"        size[8,5.5;]\n        field[0.2,0.5;1,1;xoffset;X Offset;${xoffset}]\n        field[1.2,0.5;1,1;yoffset;Y Offset;${yoffset}]\n        field[2.2,0.5;1,1;zoffset;Z Offset;${zoffset}]\n        button_exit[6.1,0.2;2,1;save;Save]\n        label[4,0.5;Item]\n        list[context;main;5,0.2;1,1;]\n        list[current_player;main;0,1.5;8,4;]\n        listring[]\n    ","xoffset":"0","yoffset":"5","zoffset":"0"},"inventory":{"main":["super_sam:coin"]}},"(15,7,11)":{"fields":{"formspec":"        size[8,5.5;]\n        field[0.2,0.5;1,1;xoffset;X Offset;${xoffset}]\n        field[1.2,0.5;1,1;yoffset;Y Offset;${yoffset}]\n        field[2.2,0.5;1,1;zoffset;Z Offset;${zoffset}]\n        button_exit[6.1,0.2;2,1;save;Save]\n        label[4,0.5;Item]\n        list[context;main;5,0.2;1,1;]\n        list[current_player;main;0,1.5;8,4;]\n        listring[]\n    ","xoffset":"0","yoffset":"4","zoffset":"0"},"inventory":{"main":["super_sam:heart"]}}},"timers":null},"(1,0,4)":{"meta":{"(0,11,5)":{"fields":{"formspec":"        size[8,5.5;]\n        field[0.2,0.5;1,1;xoffset;X Offset;${xoffset}]\n        field[1.2,0.5;1,1;yoffset;Y Offset;${yoffset}]\n        field[2.2,0.5;1,1;zoffset;Z Offset;${zoffset}]\n        button_exit[6.1,0.2;2,1;save;Save]\n        label[4,0.5;Item]\n        list[context;main;5,0.2;1,1;]\n        list[current_player;main;0,1.5;8,4;]\n        listring[]\n    ","xoffset":"0","yoffset":"2","zoffset":"0"},"inventory":{"main":["super_sam:coin"]}},"(12,7,9)":{"fields":{"formspec":"        size[8,5.5;]\n        field[0.2,0.5;1,1;xoffset;X Offset;${xoffset}]\n        field[1.2,0.5;1,1;yoffset;Y Offset;${yoffset}]\n        field[2.2,0.5;1,1;zoffset;Z Offset;${zoffset}]\n        button_exit[6.1,0.2;2,1;save;Save]\n        label[4,0.5;Item]\n        list[context;main;5,0.2;1,1;]\n        list[current_player;main;0,1.5;8,4;]\n        listring[]\n    ","xoffset":"0","yoffset":"6","zoffset":"0"},"inventory":{"main":["super_sam:coin"]}},"(14,7,9)":{"fields":{"formspec":"        size[8,5.5;]\n        field[0.2,0.5;1,1;xoffset;X Offset;${xoffset}]\n        field[1.2,0.5;1,1;yoffset;Y Offset;${yoffset}]\n        field[2.2,0.5;1,1;zoffset;Z Offset;${zoffset}]\n        button_exit[6.1,0.2;2,1;save;Save]\n        label[4,0.5;Item]\n        list[context;main;5,0.2;1,1;]\n        list[current_player;main;0,1.5;8,4;]\n        listring[]\n    ","xoffset":"0","yoffset":"6","zoffset":"0"},"inventory":{"main":["super_sam:coin"]}},"(2,9,2)":{"fields":{"formspec":"        size[8,7.5;]\n        field[0.2,0.5;1,1;xoffset;X Offset;${xoffset}]\n        field[1.2,0.5;1,1;yoffset;Y Offset;${yoffset}]\n        field[2.2,0.5;1,1;zoffset;Z Offset;${zoffset}]\n        field[3.2,0.5;1,1;interval;Interval;${interval}]\n        button_exit[6.1,0.2;2,1;save;Save]\n        label[4,0.5;Item]\n        list[context;main;5,0.2;1,1;]\n\n        field[0.2,1.5;1,1;xvel;X Speed;${xvel}]\n        field[1.2,1.5;1,1;yvel;Y Speed;${yvel}]\n        field[2.2,1.5;1,1;zvel;Z Speed;${zvel}]\n\n        field[0.2,2.5;1,1;xsize;X Size;${xsize}]\n        field[1.2,2.5;1,1;ysize;Y Size;${ysize}]\n        field[2.2,2.5;1,1;zsize;Z Size;${zsize}]\n\n        list[current_player;main;0,3.5;8,4;]\n        listring[]\n    ","interval":"5","xoffset":"0","xsize":"2.9","xvel":"2","yoffset":"2","ysize":"0.9","yvel":"0","zoffset":"0","zsize":"2.9","zvel":"0"},"inventory":{"main":["super_sam:obsidian_block 99"]}}},"timers":{"(2,9,2)":{"elapsed":0.0,"timeout":5.0}}},"(2,0,3)":{"meta":{"(1,7,11)":{"fields":{"formspec":"        size[8,5.5;]\n        field[0.2,0.5;1,1;xoffset;X Offset;${xoffset}]\n        field[1.2,0.5;1,1;yoffset;Y Offset;${yoffset}]\n        field[2.2,0.5;1,1;zoffset;Z Offset;${zoffset}]\n        button_exit[6.1,0.2;2,1;save;Save]\n        label[4,0.5;Item]\n        list[context;main;5,0.2;1,1;]\n        list[current_player;main;0,1.5;8,4;]\n        listring[]\n    ","xoffset":"0","yoffset":"5","zoffset":"0"},"inventory":{"main":["super_sam:coin"]}},"(4,7,11)":{"fields":{"formspec":"        size[8,5.5;]\n        field[0.2,0.5;1,1;xoffset;X Offset;${xoffset}]\n        field[1.2,0.5;1,1;yoffset;Y Offset;${yoffset}]\n        field[2.2,0.5;1,1;zoffset;Z Offset;${zoffset}]\n        button_exit[6.1,0.2;2,1;save;Save]\n        label[4,0.5;Item]\n        list[context;main;5,0.2;1,1;]\n        list[current_player;main;0,1.5;8,4;]\n        listring[]\n    ","xoffset":"0","yoffset":"6","zoffset":"0"},"inventory":{"main":["super_sam:coin"]}}},"timers":null},"(2,0,4)":{"meta":{"(0,7,9)":{"fields":{"formspec":"        size[8,5.5;]\n        field[0.2,0.5;1,1;xoffset;X Offset;${xoffset}]\n        field[1.2,0.5;1,1;yoffset;Y Offset;${yoffset}]\n        field[2.2,0.5;1,1;zoffset;Z Offset;${zoffset}]\n        button_exit[6.1,0.2;2,1;save;Save]\n        label[4,0.5;Item]\n        list[context;main;5,0.2;1,1;]\n        list[current_player;main;0,1.5;8,4;]\n        listring[]\n    ","xoffset":"0","yoffset":"6","zoffset":"0"},"inventory":{"main":["super_sam:coin"]}},"(2,7,9)":{"fields":{"formspec":"        size[8,5.5;]\n        field[0.2,0.5;1,1;xoffset;X Offset;${xoffset}]\n        field[1.2,0.5;1,1;yoffset;Y Offset;${yoffset}]\n        field[2.2,0.5;1,1;zoffset;Z Offset;${zoffset}]\n        button_exit[6.1,0.2;2,1;save;Save]\n        label[4,0.5;Item]\n        list[context;main;5,0.2;1,1;]\n        list[current_player;main;0,1.5;8,4;]\n        listring[]\n    ","xoffset":"0","yoffset":"6","zoffset":"0"},"inventory":{"main":["super_sam:coin"]}},"(4,7,9)":{"fields":{"formspec":"        size[8,5.5;]\n        field[0.2,0.5;1,1;xoffset;X Offset;${xoffset}]\n        field[1.2,0.5;1,1;yoffset;Y Offset;${yoffset}]\n        field[2.2,0.5;1,1;zoffset;Z Offset;${zoffset}]\n        button_exit[6.1,0.2;2,1;save;Save]\n        label[4,0.5;Item]\n        list[context;main;5,0.2;1,1;]\n        list[current_player;main;0,1.5;8,4;]\n        listring[]\n    ","xoffset":"0","yoffset":"6","zoffset":"0"},"inventory":{"main":["super_sam:coin"]}}},"timers":null},"(3,0,4)":{"meta":{"(0,12,2)":{"fields":{"name":"s01e06","time":"120","xminus":"2","xplus":"39","yminus":"5","yplus":"6","zminus":"10","zplus":"9"},"inventory":null},"(13,7,4)":{"fields":{"formspec":"        size[8,5.5;]\n        field[0.2,0.5;1,1;xoffset;X Offset;${xoffset}]\n        field[1.2,0.5;1,1;yoffset;Y Offset;${yoffset}]\n        field[2.2,0.5;1,1;zoffset;Z Offset;${zoffset}]\n        button_exit[6.1,0.2;2,1;save;Save]\n        label[4,0.5;Item]\n        list[context;main;5,0.2;1,1;]\n        list[current_player;main;0,1.5;8,4;]\n        listring[]\n    ","xoffset":"0","yoffset":"6","zoffset":"0"},"inventory":{"main":["super_sam:coin"]}},"(13,7,6)":{"fields":{"formspec":"        size[8,5.5;]\n        field[0.2,0.5;1,1;xoffset;X Offset;${xoffset}]\n        field[1.2,0.5;1,1;yoffset;Y Offset;${yoffset}]\n        field[2.2,0.5;1,1;zoffset;Z Offset;${zoffset}]\n        button_exit[6.1,0.2;2,1;save;Save]\n        label[4,0.5;Item]\n        list[context;main;5,0.2;1,1;]\n        list[current_player;main;0,1.5;8,4;]\n        listring[]\n    ","xoffset":"0","yoffset":"6","zoffset":"0"},"inventory":{"main":["super_sam:coin"]}},"(14,7,7)":{"fields":{"formspec":"        size[8,5.5;]\n        field[0.2,0.5;1,1;xoffset;X Offset;${xoffset}]\n        field[1.2,0.5;1,1;yoffset;Y Offset;${yoffset}]\n        field[2.2,0.5;1,1;zoffset;Z Offset;${zoffset}]\n        button_exit[6.1,0.2;2,1;save;Save]\n        label[4,0.5;Item]\n        list[context;main;5,0.2;1,1;]\n        list[current_player;main;0,1.5;8,4;]\n        listring[]\n    ","xoffset":"0","yoffset":"6","zoffset":"0"},"inventory":{"main":["super_sam:coin"]}},"(3,11,2)":{"fields":{"theme":"main","xminus":"35","xplus":"54","yminus":"12","yplus":"51","zminus":"32","zplus":"23"},"inventory":null}},"timers":null},"(4,0,3)":{"meta":{"(3,7,14)":{"fields":{"formspec":"        size[8,5.5;]\n        field[0.2,0.5;1,1;xoffset;X Offset;${xoffset}]\n        field[1.2,0.5;1,1;yoffset;Y Offset;${yoffset}]\n        field[2.2,0.5;1,1;zoffset;Z Offset;${zoffset}]\n        button_exit[6.1,0.2;2,1;save;Save]\n        label[4,0.5;Item]\n        list[context;main;5,0.2;1,1;]\n        list[current_player;main;0,1.5;8,4;]\n        listring[]\n    ","xoffset":"0","yoffset":"9","zoffset":"0"},"inventory":{"main":["super_sam:coin"]}},"(4,7,12)":{"fields":{"formspec":"        size[8,5.5;]\n        field[0.2,0.5;1,1;xoffset;X Offset;${xoffset}]\n        field[1.2,0.5;1,1;yoffset;Y Offset;${yoffset}]\n        field[2.2,0.5;1,1;zoffset;Z Offset;${zoffset}]\n        button_exit[6.1,0.2;2,1;save;Save]\n        label[4,0.5;Item]\n        list[context;main;5,0.2;1,1;]\n        list[current_player;main;0,1.5;8,4;]\n        listring[]\n    ","xoffset":"0","yoffset":"9","zoffset":"0"},"inventory":{"main":["super_sam:coin"]}},"(4,7,15)":{"fields":{"formspec":"        size[8,5.5;]\n        field[0.2,0.5;1,1;xoffset;X Offset;${xoffset}]\n        field[1.2,0.5;1,1;yoffset;Y Offset;${yoffset}]\n        field[2.2,0.5;1,1;zoffset;Z Offset;${zoffset}]\n        button_exit[6.1,0.2;2,1;save;Save]\n        label[4,0.5;Item]\n        list[context;main;5,0.2;1,1;]\n        list[current_player;main;0,1.5;8,4;]\n        listring[]\n    ","xoffset":"0","yoffset":"5","zoffset":"0"},"inventory":{"main":["super_sam:coin"]}},"(6,7,11)":{"fields":{"formspec":"        size[8,5.5;]\n        field[0.2,0.5;1,1;xoffset;X Offset;${xoffset}]\n        field[1.2,0.5;1,1;yoffset;Y Offset;${yoffset}]\n        field[2.2,0.5;1,1;zoffset;Z Offset;${zoffset}]\n        button_exit[6.1,0.2;2,1;save;Save]\n        label[4,0.5;Item]\n        list[context;main;5,0.2;1,1;]\n        list[current_player;main;0,1.5;8,4;]\n        listring[]\n    ","xoffset":"0","yoffset":"5","zoffset":"0"},"inventory":{"main":["super_sam:coin"]}},"(6,7,15)":{"fields":{"formspec":"        size[8,5.5;]\n        field[0.2,0.5;1,1;xoffset;X Offset;${xoffset}]\n        field[1.2,0.5;1,1;yoffset;Y Offset;${yoffset}]\n        field[2.2,0.5;1,1;zoffset;Z Offset;${zoffset}]\n        button_exit[6.1,0.2;2,1;save;Save]\n        label[4,0.5;Item]\n        list[context;main;5,0.2;1,1;]\n        list[current_player;main;0,1.5;8,4;]\n        listring[]\n    ","xoffset":"0","yoffset":"5","zoffset":"0"},"inventory":{"main":["super_sam:coin"]}},"(8,7,15)":{"fields":{"formspec":"        size[8,5.5;]\n        field[0.2,0.5;1,1;xoffset;X Offset;${xoffset}]\n        field[1.2,0.5;1,1;yoffset;Y Offset;${yoffset}]\n        field[2.2,0.5;1,1;zoffset;Z Offset;${zoffset}]\n        button_exit[6.1,0.2;2,1;save;Save]\n        label[4,0.5;Item]\n        list[context;main;5,0.2;1,1;]\n        list[current_player;main;0,1.5;8,4;]\n        listring[]\n    ","xoffset":"0","yoffset":"5","zoffset":"0"},"inventory":{"main":["super_sam:coin"]}}},"timers":null},"(4,0,4)":{"meta":{"(1,7,0)":{"fields":{"formspec":"        size[8,5.5;]\n        field[0.2,0.5;1,1;xoffset;X Offset;${xoffset}]\n        field[1.2,0.5;1,1;yoffset;Y Offset;${yoffset}]\n        field[2.2,0.5;1,1;zoffset;Z Offset;${zoffset}]\n        button_exit[6.1,0.2;2,1;save;Save]\n        label[4,0.5;Item]\n        list[context;main;5,0.2;1,1;]\n        list[current_player;main;0,1.5;8,4;]\n        listring[]\n    ","xoffset":"0","yoffset":"9","zoffset":"0"},"inventory":{"main":["super_sam:coin"]}},"(1,7,2)":{"fields":{"formspec":"        size[8,5.5;]\n        field[0.2,0.5;1,1;xoffset;X Offset;${xoffset}]\n        field[1.2,0.5;1,1;yoffset;Y Offset;${yoffset}]\n        field[2.2,0.5;1,1;zoffset;Z Offset;${zoffset}]\n        button_exit[6.1,0.2;2,1;save;Save]\n        label[4,0.5;Item]\n        list[context;main;5,0.2;1,1;]\n        list[current_player;main;0,1.5;8,4;]\n        listring[]\n    ","xoffset":"0","yoffset":"9","zoffset":"0"},"inventory":{"main":["super_sam:coin"]}},"(1,7,4)":{"fields":{"formspec":"        size[8,5.5;]\n        field[0.2,0.5;1,1;xoffset;X Offset;${xoffset}]\n        field[1.2,0.5;1,1;yoffset;Y Offset;${yoffset}]\n        field[2.2,0.5;1,1;zoffset;Z Offset;${zoffset}]\n        button_exit[6.1,0.2;2,1;save;Save]\n        label[4,0.5;Item]\n        list[context;main;5,0.2;1,1;]\n        list[current_player;main;0,1.5;8,4;]\n        listring[]\n    ","xoffset":"0","yoffset":"9","zoffset":"0"},"inventory":{"main":["super_sam:coin"]}},"(1,7,6)":{"fields":{"formspec":"        size[8,5.5;]\n        field[0.2,0.5;1,1;xoffset;X Offset;${xoffset}]\n        field[1.2,0.5;1,1;yoffset;Y Offset;${yoffset}]\n        field[2.2,0.5;1,1;zoffset;Z Offset;${zoffset}]\n        button_exit[6.1,0.2;2,1;save;Save]\n        label[4,0.5;Item]\n        list[context;main;5,0.2;1,1;]\n        list[current_player;main;0,1.5;8,4;]\n        listring[]\n    ","xoffset":"0","yoffset":"9","zoffset":"0"},"inventory":{"main":["super_sam:coin"]}},"(11,7,1)":{"fields":{"formspec":"        size[8,5.5;]\n        field[0.2,0.5;1,1;xoffset;X Offset;${xoffset}]\n        field[1.2,0.5;1,1;yoffset;Y Offset;${yoffset}]\n        field[2.2,0.5;1,1;zoffset;Z Offset;${zoffset}]\n        button_exit[6.1,0.2;2,1;save;Save]\n        label[4,0.5;Item]\n        list[context;main;5,0.2;1,1;]\n        list[current_player;main;0,1.5;8,4;]\n        listring[]\n    ","xoffset":"0","yoffset":"5","zoffset":"0"},"inventory":{"main":["super_sam:coin"]}},"(11,7,5)":{"fields":{"formspec":"        size[8,5.5;]\n        field[0.2,0.5;1,1;xoffset;X Offset;${xoffset}]\n        field[1.2,0.5;1,1;yoffset;Y Offset;${yoffset}]\n        field[2.2,0.5;1,1;zoffset;Z Offset;${zoffset}]\n        button_exit[6.1,0.2;2,1;save;Save]\n        label[4,0.5;Item]\n        list[context;main;5,0.2;1,1;]\n        list[current_player;main;0,1.5;8,4;]\n        listring[]\n    ","xoffset":"0","yoffset":"8","zoffset":"0"},"inventory":{"main":["super_sam:coin"]}},"(13,7,5)":{"fields":{"formspec":"        size[8,5.5;]\n        field[0.2,0.5;1,1;xoffset;X Offset;${xoffset}]\n        field[1.2,0.5;1,1;yoffset;Y Offset;${yoffset}]\n        field[2.2,0.5;1,1;zoffset;Z Offset;${zoffset}]\n        button_exit[6.1,0.2;2,1;save;Save]\n        label[4,0.5;Item]\n        list[context;main;5,0.2;1,1;]\n        list[current_player;main;0,1.5;8,4;]\n        listring[]\n    ","xoffset":"0","yoffset":"8","zoffset":"0"},"inventory":{"main":["super_sam:coin"]}},"(14,7,1)":{"fields":{"formspec":"        size[8,5.5;]\n        field[0.2,0.5;1,1;xoffset;X Offset;${xoffset}]\n        field[1.2,0.5;1,1;yoffset;Y Offset;${yoffset}]\n        field[2.2,0.5;1,1;zoffset;Z Offset;${zoffset}]\n        button_exit[6.1,0.2;2,1;save;Save]\n        label[4,0.5;Item]\n        list[context;main;5,0.2;1,1;]\n        list[current_player;main;0,1.5;8,4;]\n        listring[]\n    ","xoffset":"0","yoffset":"8","zoffset":"0"},"inventory":{"main":["super_sam:coin"]}},"(15,7,5)":{"fields":{"formspec":"        size[8,5.5;]\n        field[0.2,0.5;1,1;xoffset;X Offset;${xoffset}]\n        field[1.2,0.5;1,1;yoffset;Y Offset;${yoffset}]\n        field[2.2,0.5;1,1;zoffset;Z Offset;${zoffset}]\n        button_exit[6.1,0.2;2,1;save;Save]\n        label[4,0.5;Item]\n        list[context;main;5,0.2;1,1;]\n        list[current_player;main;0,1.5;8,4;]\n        listring[]\n    ","xoffset":"0","yoffset":"8","zoffset":"0"},"inventory":{"main":["super_sam:coin"]}}},"timers":null}}