{"(3,2,2)":{"meta":{"(11,7,14)":{"fields":{"formspec":"        size[8,5.5;]\n        field[0.2,0.5;1,1;xoffset;X Offset;${xoffset}]\n        field[1.2,0.5;1,1;yoffset;Y Offset;${yoffset}]\n        field[2.2,0.5;1,1;zoffset;Z Offset;${zoffset}]\n        button_exit[6.1,0.2;2,1;save;Save]\n        label[4,0.5;Item]\n        list[context;main;5,0.2;1,1;]\n        list[current_player;main;0,1.5;8,4;]\n        listring[]\n    ","xoffset":"0","yoffset":"6","zoffset":"0"},"inventory":{"main":["super_sam:coin"]}},"(13,7,14)":{"fields":{"formspec":"        size[8,5.5;]\n        field[0.2,0.5;1,1;xoffset;X Offset;${xoffset}]\n        field[1.2,0.5;1,1;yoffset;Y Offset;${yoffset}]\n        field[2.2,0.5;1,1;zoffset;Z Offset;${zoffset}]\n        button_exit[6.1,0.2;2,1;save;Save]\n        label[4,0.5;Item]\n        list[context;main;5,0.2;1,1;]\n        list[current_player;main;0,1.5;8,4;]\n        listring[]\n    ","xoffset":"0","yoffset":"6","zoffset":"0"},"inventory":{"main":["super_sam:coin"]}},"(15,7,14)":{"fields":{"formspec":"        size[8,5.5;]\n        field[0.2,0.5;1,1;xoffset;X Offset;${xoffset}]\n        field[1.2,0.5;1,1;yoffset;Y Offset;${yoffset}]\n        field[2.2,0.5;1,1;zoffset;Z Offset;${zoffset}]\n        button_exit[6.1,0.2;2,1;save;Save]\n        label[4,0.5;Item]\n        list[context;main;5,0.2;1,1;]\n        list[current_player;main;0,1.5;8,4;]\n        listring[]\n    ","xoffset":"0","yoffset":"6","zoffset":"0"},"inventory":{"main":["super_sam:coin"]}},"(9,7,14)":{"fields":{"formspec":"        size[8,5.5;]\n        field[0.2,0.5;1,1;xoffset;X Offset;${xoffset}]\n        field[1.2,0.5;1,1;yoffset;Y Offset;${yoffset}]\n        field[2.2,0.5;1,1;zoffset;Z Offset;${zoffset}]\n        button_exit[6.1,0.2;2,1;save;Save]\n        label[4,0.5;Item]\n        list[context;main;5,0.2;1,1;]\n        list[current_player;main;0,1.5;8,4;]\n        listring[]\n    ","xoffset":"0","yoffset":"6","zoffset":"0"},"inventory":{"main":["super_sam:coin"]}}},"timers":null},"(3,2,3)":{"meta":{"(7,9,4)":{"fields":{"lookdir":"+x","name":"s01e01","time":"90","tpx":"0","tpy":"0","tpz":"0","xminus":"20","xplus":"110","yminus":"5","yplus":"20","zminus":"20","zplus":"20"},"inventory":null}},"timers":null},"(4,2,3)":{"meta":{"(14,5,10)":{"fields":{"formspec":"        size[8,5.5;]\n        field[0.2,0.5;1,1;xoffset;X Offset;${xoffset}]\n        field[1.2,0.5;1,1;yoffset;Y Offset;${yoffset}]\n        field[2.2,0.5;1,1;zoffset;Z Offset;${zoffset}]\n        button_exit[6.1,0.2;2,1;save;Save]\n        label[4,0.5;Item]\n        list[context;main;5,0.2;1,1;]\n        list[current_player;main;0,1.5;8,4;]\n        listring[]\n    ","xoffset":"0","yoffset":"4","zoffset":"0"},"inventory":{"main":["super_sam:coin"]}},"(9,6,10)":{"fields":{"formspec":"        size[8,7.5;]\n        field[0.2,0.5;1,1;xoffset;X Offset;${xoffset}]\n        field[1.2,0.5;1,1;yoffset;Y Offset;${yoffset}]\n        field[2.2,0.5;1,1;zoffset;Z Offset;${zoffset}]\n        field[3.2,0.5;1,1;interval;Interval;${interval}]\n        button_exit[6.1,0.2;2,1;save;Save]\n        label[4,0.5;Item]\n        list[context;main;5,0.2;1,1;]\n\n        field[0.2,1.5;1,1;xvel;X Speed;${xvel}]\n        field[1.2,1.5;1,1;yvel;Y Speed;${yvel}]\n        field[2.2,1.5;1,1;zvel;Z Speed;${zvel}]\n\n        field[0.2,2.5;1,1;xsize;X Size;${xsize}]\n        field[1.2,2.5;1,1;ysize;Y Size;${ysize}]\n        field[2.2,2.5;1,1;zsize;Z Size;${zsize}]\n\n        list[current_player;main;0,3.5;8,4;]\n        listring[]\n    ","interval":"5","xoffset":"0","xsize":"2.9","xvel":"1","yoffset":"2","ysize":"0.9","yvel":"0","zoffset":"0","zsize":"2.9","zvel":"0"},"inventory":{"main":["super_sam:obsidian_block 52"]}}},"timers":{"(9,6,10)":{"elapsed":0.0,"timeout":5.0}}}}