{"(1,2,3)":{"meta":{"(10,1,4)":{"fields":{"infotext":"\u001b(T@travelnet)Station '\u001bFlounge\u001bE' on network '\u001bFnet1\u001bE' (owned by \u001bFsingleplayer\u001bE) ready for usage.\u001bE","owner":"singleplayer","station_name":"lounge","station_network":"net1","timestamp":"1685470705"},"inventory":null}},"timers":null},"(2,2,4)":{"meta":{"(0,0,10)":{"fields":{"theme":"relax","xminus":"28","xplus":"33","yminus":"13","yplus":"32","zminus":"46","zplus":"55"},"inventory":null},"(0,0,8)":{"fields":{"required_lvl":"s02","tpx":"3","tpy":"0","tpz":"4003"},"inventory":null},"(2,4,8)":{"fields":{"highscore_name":"s03"},"inventory":null}},"timers":null}}