{"(2,1,4)":{"meta":{"(0,15,12)":{"fields":{"theme":"main2","xminus":"22","xplus":"31","yminus":"11","yplus":"60","zminus":"21","zplus":"63"},"inventory":null}},"timers":null},"(2,2,4)":{"meta":{"(0,0,10)":{"fields":{"lookdir":"+z","name":"s04e01","time":"60","xminus":"7","xplus":"8","yminus":"7","yplus":"21","zminus":"4","zplus":"40"},"inventory":null}},"timers":null},"(3,2,4)":{"meta":{"(10,4,14)":{"fields":{"infotext":"\u001b(T@travelnet)Station '\u001bFs04\u001bE' on network '\u001bFnet1\u001bE' (owned by \u001bFsingleplayer\u001bE) ready for usage.\u001bE","owner":"singleplayer","station_name":"s04","station_network":"net1","timestamp":"1685470802"},"inventory":null},"(4,10,13)":{"fields":{"formspec":"\t\tsize[8,5.5;]\n\t\tfield[0.2,0.5;1,1;xoffset;X Offset;${xoffset}]\n\t\tfield[1.2,0.5;1,1;yoffset;Y Offset;${yoffset}]\n\t\tfield[2.2,0.5;1,1;zoffset;Z Offset;${zoffset}]\n\t\tbutton_exit[6.1,0.2;2,1;save;Save]\n\t\tlabel[4,0.5;Item]\n\t\tlist[context;main;5,0.2;1,1;]\n\t\tlist[current_player;main;0,1.5;8,4;]\n\t\tlistring[]\n\t","xoffset":"2","yoffset":"0","zoffset":"0"},"inventory":{"main":["super_sam:coin"]}},"(4,12,13)":{"fields":{"formspec":"\t\tsize[8,5.5;]\n\t\tfield[0.2,0.5;1,1;xoffset;X Offset;${xoffset}]\n\t\tfield[1.2,0.5;1,1;yoffset;Y Offset;${yoffset}]\n\t\tfield[2.2,0.5;1,1;zoffset;Z Offset;${zoffset}]\n\t\tbutton_exit[6.1,0.2;2,1;save;Save]\n\t\tlabel[4,0.5;Item]\n\t\tlist[context;main;5,0.2;1,1;]\n\t\tlist[current_player;main;0,1.5;8,4;]\n\t\tlistring[]\n\t","xoffset":"2","yoffset":"0","zoffset":"0"},"inventory":{"main":["super_sam:coin"]}},"(4,14,13)":{"fields":{"formspec":"\t\tsize[8,5.5;]\n\t\tfield[0.2,0.5;1,1;xoffset;X Offset;${xoffset}]\n\t\tfield[1.2,0.5;1,1;yoffset;Y Offset;${yoffset}]\n\t\tfield[2.2,0.5;1,1;zoffset;Z Offset;${zoffset}]\n\t\tbutton_exit[6.1,0.2;2,1;save;Save]\n\t\tlabel[4,0.5;Item]\n\t\tlist[context;main;5,0.2;1,1;]\n\t\tlist[current_player;main;0,1.5;8,4;]\n\t\tlistring[]\n\t","xoffset":"2","yoffset":"0","zoffset":"0"},"inventory":{"main":["super_sam:coin"]}},"(5,4,13)":{"fields":{"formspec":"\t\tsize[8,5.5;]\n\t\tfield[0.2,0.5;1,1;xoffset;X Offset;${xoffset}]\n\t\tfield[1.2,0.5;1,1;yoffset;Y Offset;${yoffset}]\n\t\tfield[2.2,0.5;1,1;zoffset;Z Offset;${zoffset}]\n\t\tbutton_exit[6.1,0.2;2,1;save;Save]\n\t\tlabel[4,0.5;Item]\n\t\tlist[context;main;5,0.2;1,1;]\n\t\tlist[current_player;main;0,1.5;8,4;]\n\t\tlistring[]\n\t","xoffset":"0","yoffset":"2","zoffset":"0"},"inventory":{"main":["super_sam:coin"]}},"(6,4,12)":{"fields":{"formspec":"\t\tsize[8,5.5;]\n\t\tfield[0.2,0.5;1,1;xoffset;X Offset;${xoffset}]\n\t\tfield[1.2,0.5;1,1;yoffset;Y Offset;${yoffset}]\n\t\tfield[2.2,0.5;1,1;zoffset;Z Offset;${zoffset}]\n\t\tbutton_exit[6.1,0.2;2,1;save;Save]\n\t\tlabel[4,0.5;Item]\n\t\tlist[context;main;5,0.2;1,1;]\n\t\tlist[current_player;main;0,1.5;8,4;]\n\t\tlistring[]\n\t","xoffset":"0","yoffset":"2","zoffset":"0"},"inventory":{"main":["super_sam:coin"]}},"(6,4,13)":{"fields":{"formspec":"\t\tsize[8,5.5;]\n\t\tfield[0.2,0.5;1,1;xoffset;X Offset;${xoffset}]\n\t\tfield[1.2,0.5;1,1;yoffset;Y Offset;${yoffset}]\n\t\tfield[2.2,0.5;1,1;zoffset;Z Offset;${zoffset}]\n\t\tbutton_exit[6.1,0.2;2,1;save;Save]\n\t\tlabel[4,0.5;Item]\n\t\tlist[context;main;5,0.2;1,1;]\n\t\tlist[current_player;main;0,1.5;8,4;]\n\t\tlistring[]\n\t","xoffset":"0","yoffset":"2","zoffset":"0"},"inventory":{"main":["super_sam:coin"]}},"(6,4,14)":{"fields":{"formspec":"\t\tsize[8,5.5;]\n\t\tfield[0.2,0.5;1,1;xoffset;X Offset;${xoffset}]\n\t\tfield[1.2,0.5;1,1;yoffset;Y Offset;${yoffset}]\n\t\tfield[2.2,0.5;1,1;zoffset;Z Offset;${zoffset}]\n\t\tbutton_exit[6.1,0.2;2,1;save;Save]\n\t\tlabel[4,0.5;Item]\n\t\tlist[context;main;5,0.2;1,1;]\n\t\tlist[current_player;main;0,1.5;8,4;]\n\t\tlistring[]\n\t","xoffset":"0","yoffset":"2","zoffset":"0"},"inventory":{"main":["super_sam:coin"]}},"(7,4,13)":{"fields":{"formspec":"\t\tsize[8,5.5;]\n\t\tfield[0.2,0.5;1,1;xoffset;X Offset;${xoffset}]\n\t\tfield[1.2,0.5;1,1;yoffset;Y Offset;${yoffset}]\n\t\tfield[2.2,0.5;1,1;zoffset;Z Offset;${zoffset}]\n\t\tbutton_exit[6.1,0.2;2,1;save;Save]\n\t\tlabel[4,0.5;Item]\n\t\tlist[context;main;5,0.2;1,1;]\n\t\tlist[current_player;main;0,1.5;8,4;]\n\t\tlistring[]\n\t","xoffset":"0","yoffset":"2","zoffset":"0"},"inventory":{"main":["super_sam:coin"]}}},"timers":null},"(3,3,4)":{"meta":{"(4,0,13)":{"fields":{"formspec":"\t\tsize[8,5.5;]\n\t\tfield[0.2,0.5;1,1;xoffset;X Offset;${xoffset}]\n\t\tfield[1.2,0.5;1,1;yoffset;Y Offset;${yoffset}]\n\t\tfield[2.2,0.5;1,1;zoffset;Z Offset;${zoffset}]\n\t\tbutton_exit[6.1,0.2;2,1;save;Save]\n\t\tlabel[4,0.5;Item]\n\t\tlist[context;main;5,0.2;1,1;]\n\t\tlist[current_player;main;0,1.5;8,4;]\n\t\tlistring[]\n\t","xoffset":"2","yoffset":"0","zoffset":"0"},"inventory":{"main":["super_sam:coin"]}},"(4,10,13)":{"fields":{"formspec":"\t\tsize[8,5.5;]\n\t\tfield[0.2,0.5;1,1;xoffset;X Offset;${xoffset}]\n\t\tfield[1.2,0.5;1,1;yoffset;Y Offset;${yoffset}]\n\t\tfield[2.2,0.5;1,1;zoffset;Z Offset;${zoffset}]\n\t\tbutton_exit[6.1,0.2;2,1;save;Save]\n\t\tlabel[4,0.5;Item]\n\t\tlist[context;main;5,0.2;1,1;]\n\t\tlist[current_player;main;0,1.5;8,4;]\n\t\tlistring[]\n\t","xoffset":"2","yoffset":"0","zoffset":"0"},"inventory":{"main":["super_sam:coin"]}},"(4,12,13)":{"fields":{"formspec":"\t\tsize[8,5.5;]\n\t\tfield[0.2,0.5;1,1;xoffset;X Offset;${xoffset}]\n\t\tfield[1.2,0.5;1,1;yoffset;Y Offset;${yoffset}]\n\t\tfield[2.2,0.5;1,1;zoffset;Z Offset;${zoffset}]\n\t\tbutton_exit[6.1,0.2;2,1;save;Save]\n\t\tlabel[4,0.5;Item]\n\t\tlist[context;main;5,0.2;1,1;]\n\t\tlist[current_player;main;0,1.5;8,4;]\n\t\tlistring[]\n\t","xoffset":"2","yoffset":"0","zoffset":"0"},"inventory":{"main":["super_sam:coin"]}},"(4,14,13)":{"fields":{"formspec":"\t\tsize[8,5.5;]\n\t\tfield[0.2,0.5;1,1;xoffset;X Offset;${xoffset}]\n\t\tfield[1.2,0.5;1,1;yoffset;Y Offset;${yoffset}]\n\t\tfield[2.2,0.5;1,1;zoffset;Z Offset;${zoffset}]\n\t\tbutton_exit[6.1,0.2;2,1;save;Save]\n\t\tlabel[4,0.5;Item]\n\t\tlist[context;main;5,0.2;1,1;]\n\t\tlist[current_player;main;0,1.5;8,4;]\n\t\tlistring[]\n\t","xoffset":"2","yoffset":"0","zoffset":"0"},"inventory":{"main":["super_sam:coin"]}},"(4,2,13)":{"fields":{"formspec":"\t\tsize[8,5.5;]\n\t\tfield[0.2,0.5;1,1;xoffset;X Offset;${xoffset}]\n\t\tfield[1.2,0.5;1,1;yoffset;Y Offset;${yoffset}]\n\t\tfield[2.2,0.5;1,1;zoffset;Z Offset;${zoffset}]\n\t\tbutton_exit[6.1,0.2;2,1;save;Save]\n\t\tlabel[4,0.5;Item]\n\t\tlist[context;main;5,0.2;1,1;]\n\t\tlist[current_player;main;0,1.5;8,4;]\n\t\tlistring[]\n\t","xoffset":"2","yoffset":"0","zoffset":"0"},"inventory":{"main":["super_sam:coin"]}},"(4,4,13)":{"fields":{"formspec":"\t\tsize[8,5.5;]\n\t\tfield[0.2,0.5;1,1;xoffset;X Offset;${xoffset}]\n\t\tfield[1.2,0.5;1,1;yoffset;Y Offset;${yoffset}]\n\t\tfield[2.2,0.5;1,1;zoffset;Z Offset;${zoffset}]\n\t\tbutton_exit[6.1,0.2;2,1;save;Save]\n\t\tlabel[4,0.5;Item]\n\t\tlist[context;main;5,0.2;1,1;]\n\t\tlist[current_player;main;0,1.5;8,4;]\n\t\tlistring[]\n\t","xoffset":"2","yoffset":"0","zoffset":"0"},"inventory":{"main":["super_sam:coin"]}},"(4,6,13)":{"fields":{"formspec":"\t\tsize[8,5.5;]\n\t\tfield[0.2,0.5;1,1;xoffset;X Offset;${xoffset}]\n\t\tfield[1.2,0.5;1,1;yoffset;Y Offset;${yoffset}]\n\t\tfield[2.2,0.5;1,1;zoffset;Z Offset;${zoffset}]\n\t\tbutton_exit[6.1,0.2;2,1;save;Save]\n\t\tlabel[4,0.5;Item]\n\t\tlist[context;main;5,0.2;1,1;]\n\t\tlist[current_player;main;0,1.5;8,4;]\n\t\tlistring[]\n\t","xoffset":"2","yoffset":"0","zoffset":"0"},"inventory":{"main":["super_sam:coin"]}},"(4,8,13)":{"fields":{"formspec":"\t\tsize[8,5.5;]\n\t\tfield[0.2,0.5;1,1;xoffset;X Offset;${xoffset}]\n\t\tfield[1.2,0.5;1,1;yoffset;Y Offset;${yoffset}]\n\t\tfield[2.2,0.5;1,1;zoffset;Z Offset;${zoffset}]\n\t\tbutton_exit[6.1,0.2;2,1;save;Save]\n\t\tlabel[4,0.5;Item]\n\t\tlist[context;main;5,0.2;1,1;]\n\t\tlist[current_player;main;0,1.5;8,4;]\n\t\tlistring[]\n\t","xoffset":"2","yoffset":"0","zoffset":"0"},"inventory":{"main":["super_sam:coin"]}}},"timers":null},"(3,4,4)":{"meta":{"(4,0,13)":{"fields":{"formspec":"\t\tsize[8,5.5;]\n\t\tfield[0.2,0.5;1,1;xoffset;X Offset;${xoffset}]\n\t\tfield[1.2,0.5;1,1;yoffset;Y Offset;${yoffset}]\n\t\tfield[2.2,0.5;1,1;zoffset;Z Offset;${zoffset}]\n\t\tbutton_exit[6.1,0.2;2,1;save;Save]\n\t\tlabel[4,0.5;Item]\n\t\tlist[context;main;5,0.2;1,1;]\n\t\tlist[current_player;main;0,1.5;8,4;]\n\t\tlistring[]\n\t","xoffset":"2","yoffset":"0","zoffset":"0"},"inventory":{"main":["super_sam:coin"]}},"(4,10,13)":{"fields":{"formspec":"\t\tsize[8,5.5;]\n\t\tfield[0.2,0.5;1,1;xoffset;X Offset;${xoffset}]\n\t\tfield[1.2,0.5;1,1;yoffset;Y Offset;${yoffset}]\n\t\tfield[2.2,0.5;1,1;zoffset;Z Offset;${zoffset}]\n\t\tbutton_exit[6.1,0.2;2,1;save;Save]\n\t\tlabel[4,0.5;Item]\n\t\tlist[context;main;5,0.2;1,1;]\n\t\tlist[current_player;main;0,1.5;8,4;]\n\t\tlistring[]\n\t","xoffset":"2","yoffset":"0","zoffset":"0"},"inventory":{"main":["super_sam:coin"]}},"(4,12,13)":{"fields":{"formspec":"\t\tsize[8,5.5;]\n\t\tfield[0.2,0.5;1,1;xoffset;X Offset;${xoffset}]\n\t\tfield[1.2,0.5;1,1;yoffset;Y Offset;${yoffset}]\n\t\tfield[2.2,0.5;1,1;zoffset;Z Offset;${zoffset}]\n\t\tbutton_exit[6.1,0.2;2,1;save;Save]\n\t\tlabel[4,0.5;Item]\n\t\tlist[context;main;5,0.2;1,1;]\n\t\tlist[current_player;main;0,1.5;8,4;]\n\t\tlistring[]\n\t","xoffset":"2","yoffset":"0","zoffset":"0"},"inventory":{"main":["super_sam:coin"]}},"(4,14,13)":{"fields":{"formspec":"\t\tsize[8,5.5;]\n\t\tfield[0.2,0.5;1,1;xoffset;X Offset;${xoffset}]\n\t\tfield[1.2,0.5;1,1;yoffset;Y Offset;${yoffset}]\n\t\tfield[2.2,0.5;1,1;zoffset;Z Offset;${zoffset}]\n\t\tbutton_exit[6.1,0.2;2,1;save;Save]\n\t\tlabel[4,0.5;Item]\n\t\tlist[context;main;5,0.2;1,1;]\n\t\tlist[current_player;main;0,1.5;8,4;]\n\t\tlistring[]\n\t","xoffset":"2","yoffset":"0","zoffset":"0"},"inventory":{"main":["super_sam:coin"]}},"(4,2,13)":{"fields":{"formspec":"\t\tsize[8,5.5;]\n\t\tfield[0.2,0.5;1,1;xoffset;X Offset;${xoffset}]\n\t\tfield[1.2,0.5;1,1;yoffset;Y Offset;${yoffset}]\n\t\tfield[2.2,0.5;1,1;zoffset;Z Offset;${zoffset}]\n\t\tbutton_exit[6.1,0.2;2,1;save;Save]\n\t\tlabel[4,0.5;Item]\n\t\tlist[context;main;5,0.2;1,1;]\n\t\tlist[current_player;main;0,1.5;8,4;]\n\t\tlistring[]\n\t","xoffset":"2","yoffset":"0","zoffset":"0"},"inventory":{"main":["super_sam:coin"]}},"(4,4,13)":{"fields":{"formspec":"\t\tsize[8,5.5;]\n\t\tfield[0.2,0.5;1,1;xoffset;X Offset;${xoffset}]\n\t\tfield[1.2,0.5;1,1;yoffset;Y Offset;${yoffset}]\n\t\tfield[2.2,0.5;1,1;zoffset;Z Offset;${zoffset}]\n\t\tbutton_exit[6.1,0.2;2,1;save;Save]\n\t\tlabel[4,0.5;Item]\n\t\tlist[context;main;5,0.2;1,1;]\n\t\tlist[current_player;main;0,1.5;8,4;]\n\t\tlistring[]\n\t","xoffset":"2","yoffset":"0","zoffset":"0"},"inventory":{"main":["super_sam:coin"]}},"(4,6,13)":{"fields":{"formspec":"\t\tsize[8,5.5;]\n\t\tfield[0.2,0.5;1,1;xoffset;X Offset;${xoffset}]\n\t\tfield[1.2,0.5;1,1;yoffset;Y Offset;${yoffset}]\n\t\tfield[2.2,0.5;1,1;zoffset;Z Offset;${zoffset}]\n\t\tbutton_exit[6.1,0.2;2,1;save;Save]\n\t\tlabel[4,0.5;Item]\n\t\tlist[context;main;5,0.2;1,1;]\n\t\tlist[current_player;main;0,1.5;8,4;]\n\t\tlistring[]\n\t","xoffset":"2","yoffset":"0","zoffset":"0"},"inventory":{"main":["super_sam:coin"]}},"(4,8,13)":{"fields":{"formspec":"\t\tsize[8,5.5;]\n\t\tfield[0.2,0.5;1,1;xoffset;X Offset;${xoffset}]\n\t\tfield[1.2,0.5;1,1;yoffset;Y Offset;${yoffset}]\n\t\tfield[2.2,0.5;1,1;zoffset;Z Offset;${zoffset}]\n\t\tbutton_exit[6.1,0.2;2,1;save;Save]\n\t\tlabel[4,0.5;Item]\n\t\tlist[context;main;5,0.2;1,1;]\n\t\tlist[current_player;main;0,1.5;8,4;]\n\t\tlistring[]\n\t","xoffset":"2","yoffset":"0","zoffset":"0"},"inventory":{"main":["super_sam:coin"]}}},"timers":null}}