{"(3,0,4)":{"meta":{"(11,1,13)":{"fields":{"formspec":"\t\tsize[8,5.5;]\n\t\tfield[0.2,0.5;1,1;xoffset;X Offset;${xoffset}]\n\t\tfield[1.2,0.5;1,1;yoffset;Y Offset;${yoffset}]\n\t\tfield[2.2,0.5;1,1;zoffset;Z Offset;${zoffset}]\n\t\tbutton_exit[6.1,0.2;2,1;save;Save]\n\t\tlabel[4,0.5;Item]\n\t\tlist[context;main;5,0.2;1,1;]\n\t\tlist[current_player;main;0,1.5;8,4;]\n\t\tlistring[]\n\t","xoffset":"2","yoffset":"0","zoffset":"0"},"inventory":{"main":["super_sam:coin"]}},"(11,3,13)":{"fields":{"formspec":"\t\tsize[8,5.5;]\n\t\tfield[0.2,0.5;1,1;xoffset;X Offset;${xoffset}]\n\t\tfield[1.2,0.5;1,1;yoffset;Y Offset;${yoffset}]\n\t\tfield[2.2,0.5;1,1;zoffset;Z Offset;${zoffset}]\n\t\tbutton_exit[6.1,0.2;2,1;save;Save]\n\t\tlabel[4,0.5;Item]\n\t\tlist[context;main;5,0.2;1,1;]\n\t\tlist[current_player;main;0,1.5;8,4;]\n\t\tlistring[]\n\t","xoffset":"2","yoffset":"0","zoffset":"0"},"inventory":{"main":["super_sam:coin"]}},"(11,5,13)":{"fields":{"formspec":"\t\tsize[8,5.5;]\n\t\tfield[0.2,0.5;1,1;xoffset;X Offset;${xoffset}]\n\t\tfield[1.2,0.5;1,1;yoffset;Y Offset;${yoffset}]\n\t\tfield[2.2,0.5;1,1;zoffset;Z Offset;${zoffset}]\n\t\tbutton_exit[6.1,0.2;2,1;save;Save]\n\t\tlabel[4,0.5;Item]\n\t\tlist[context;main;5,0.2;1,1;]\n\t\tlist[current_player;main;0,1.5;8,4;]\n\t\tlistring[]\n\t","xoffset":"2","yoffset":"0","zoffset":"0"},"inventory":{"main":["super_sam:coin"]}}},"timers":null},"(4,0,4)":{"meta":{"(0,6,13)":{"fields":{"name":"s06e07","time":"120","xminus":"8","xplus":"8","yminus":"52","yplus":"7","zminus":"10","zplus":"10"},"inventory":null}},"timers":null}}