{"(0,1,2)":{"meta":{"(11,14,1)":{"fields":{"theme":"main2","xminus":"59","xplus":"52","yminus":"-1","yplus":"62","zminus":"16","zplus":"14"},"inventory":null},"(2,14,8)":{"fields":{"formspec":"\t\tsize[8,5.5;]\n\t\tfield[0.2,0.5;1,1;xoffset;X Offset;${xoffset}]\n\t\tfield[1.2,0.5;1,1;yoffset;Y Offset;${yoffset}]\n\t\tfield[2.2,0.5;1,1;zoffset;Z Offset;${zoffset}]\n\t\tbutton_exit[6.1,0.2;2,1;save;Save]\n\t\tlabel[4,0.5;Item]\n\t\tlist[context;main;5,0.2;1,1;]\n\t\tlist[current_player;main;0,1.5;8,4;]\n\t\tlistring[]\n\t","xoffset":"0","yoffset":"3","zoffset":"0"},"inventory":{"main":["super_sam:time_bonus"]}}},"timers":null},"(0,2,1)":{"meta":{"(11,7,0)":{"fields":{"formspec":"\t\tsize[8,5.5;]\n\t\tfield[0.2,0.5;1,1;xoffset;X Offset;${xoffset}]\n\t\tfield[1.2,0.5;1,1;yoffset;Y Offset;${yoffset}]\n\t\tfield[2.2,0.5;1,1;zoffset;Z Offset;${zoffset}]\n\t\tbutton_exit[6.1,0.2;2,1;save;Save]\n\t\tlabel[4,0.5;Item]\n\t\tlist[context;main;5,0.2;1,1;]\n\t\tlist[current_player;main;0,1.5;8,4;]\n\t\tlistring[]\n\t","xoffset":"0","yoffset":"0","zoffset":"4"},"inventory":{"main":["super_sam:coin"]}},"(7,7,0)":{"fields":{"formspec":"\t\tsize[8,5.5;]\n\t\tfield[0.2,0.5;1,1;xoffset;X Offset;${xoffset}]\n\t\tfield[1.2,0.5;1,1;yoffset;Y Offset;${yoffset}]\n\t\tfield[2.2,0.5;1,1;zoffset;Z Offset;${zoffset}]\n\t\tbutton_exit[6.1,0.2;2,1;save;Save]\n\t\tlabel[4,0.5;Item]\n\t\tlist[context;main;5,0.2;1,1;]\n\t\tlist[current_player;main;0,1.5;8,4;]\n\t\tlistring[]\n\t","xoffset":"0","yoffset":"0","zoffset":"4"},"inventory":{"main":["super_sam:coin"]}},"(9,7,0)":{"fields":{"formspec":"\t\tsize[8,5.5;]\n\t\tfield[0.2,0.5;1,1;xoffset;X Offset;${xoffset}]\n\t\tfield[1.2,0.5;1,1;yoffset;Y Offset;${yoffset}]\n\t\tfield[2.2,0.5;1,1;zoffset;Z Offset;${zoffset}]\n\t\tbutton_exit[6.1,0.2;2,1;save;Save]\n\t\tlabel[4,0.5;Item]\n\t\tlist[context;main;5,0.2;1,1;]\n\t\tlist[current_player;main;0,1.5;8,4;]\n\t\tlistring[]\n\t","xoffset":"0","yoffset":"0","zoffset":"4"},"inventory":{"main":["super_sam:coin"]}}},"timers":null},"(0,2,2)":{"meta":{"(7,4,12)":{"fields":{"formspec":"\t\tsize[8,7.5;]\n\t\tfield[0.2,0.5;1,1;xoffset;X Offset;${xoffset}]\n\t\tfield[1.2,0.5;1,1;yoffset;Y Offset;${yoffset}]\n\t\tfield[2.2,0.5;1,1;zoffset;Z Offset;${zoffset}]\n\t\tfield[3.2,0.5;1,1;interval;Interval;${interval}]\n\t\tbutton_exit[6.1,0.2;2,1;save;Save]\n\t\tlabel[4,0.5;Item]\n\t\tlist[context;main;5,0.2;1,1;]\n\n\t\tfield[0.2,1.5;1,1;xvel;X Speed;${xvel}]\n\t\tfield[1.2,1.5;1,1;yvel;Y Speed;${yvel}]\n\t\tfield[2.2,1.5;1,1;zvel;Z Speed;${zvel}]\n\n\t\tfield[0.2,2.5;1,1;xsize;X Size;${xsize}]\n\t\tfield[1.2,2.5;1,1;ysize;Y Size;${ysize}]\n\t\tfield[2.2,2.5;1,1;zsize;Z Size;${zsize}]\n\n\t\tlist[current_player;main;0,3.5;8,4;]\n\t\tlistring[]\n\t","interval":"5","xoffset":"0","xsize":"2.9","xvel":"0","yoffset":"1","ysize":"0.9","yvel":"0","zoffset":"0","zsize":"2.9","zvel":"-2"},"inventory":{"main":["super_sam:obsidian_block"]}}},"timers":{"(7,4,12)":{"elapsed":0.0,"timeout":5.0}}},"(0,2,3)":{"meta":{"(10,7,0)":{"fields":{"formspec":"\t\tsize[8,5.5;]\n\t\tfield[0.2,0.5;1,1;xoffset;X Offset;${xoffset}]\n\t\tfield[1.2,0.5;1,1;yoffset;Y Offset;${yoffset}]\n\t\tfield[2.2,0.5;1,1;zoffset;Z Offset;${zoffset}]\n\t\tbutton_exit[6.1,0.2;2,1;save;Save]\n\t\tlabel[4,0.5;Item]\n\t\tlist[context;main;5,0.2;1,1;]\n\t\tlist[current_player;main;0,1.5;8,4;]\n\t\tlistring[]\n\t","xoffset":"0","yoffset":"0","zoffset":"-4"},"inventory":{"main":["super_sam:coin"]}},"(12,7,0)":{"fields":{"formspec":"\t\tsize[8,5.5;]\n\t\tfield[0.2,0.5;1,1;xoffset;X Offset;${xoffset}]\n\t\tfield[1.2,0.5;1,1;yoffset;Y Offset;${yoffset}]\n\t\tfield[2.2,0.5;1,1;zoffset;Z Offset;${zoffset}]\n\t\tbutton_exit[6.1,0.2;2,1;save;Save]\n\t\tlabel[4,0.5;Item]\n\t\tlist[context;main;5,0.2;1,1;]\n\t\tlist[current_player;main;0,1.5;8,4;]\n\t\tlistring[]\n\t","xoffset":"0","yoffset":"0","zoffset":"-4"},"inventory":{"main":["super_sam:coin"]}},"(14,7,0)":{"fields":{"formspec":"\t\tsize[8,5.5;]\n\t\tfield[0.2,0.5;1,1;xoffset;X Offset;${xoffset}]\n\t\tfield[1.2,0.5;1,1;yoffset;Y Offset;${yoffset}]\n\t\tfield[2.2,0.5;1,1;zoffset;Z Offset;${zoffset}]\n\t\tbutton_exit[6.1,0.2;2,1;save;Save]\n\t\tlabel[4,0.5;Item]\n\t\tlist[context;main;5,0.2;1,1;]\n\t\tlist[current_player;main;0,1.5;8,4;]\n\t\tlistring[]\n\t","xoffset":"0","yoffset":"0","zoffset":"-4"},"inventory":{"main":["super_sam:coin"]}},"(4,7,0)":{"fields":{"formspec":"\t\tsize[8,5.5;]\n\t\tfield[0.2,0.5;1,1;xoffset;X Offset;${xoffset}]\n\t\tfield[1.2,0.5;1,1;yoffset;Y Offset;${yoffset}]\n\t\tfield[2.2,0.5;1,1;zoffset;Z Offset;${zoffset}]\n\t\tbutton_exit[6.1,0.2;2,1;save;Save]\n\t\tlabel[4,0.5;Item]\n\t\tlist[context;main;5,0.2;1,1;]\n\t\tlist[current_player;main;0,1.5;8,4;]\n\t\tlistring[]\n\t","xoffset":"0","yoffset":"0","zoffset":"-4"},"inventory":{"main":["super_sam:coin"]}},"(6,7,0)":{"fields":{"formspec":"\t\tsize[8,5.5;]\n\t\tfield[0.2,0.5;1,1;xoffset;X Offset;${xoffset}]\n\t\tfield[1.2,0.5;1,1;yoffset;Y Offset;${yoffset}]\n\t\tfield[2.2,0.5;1,1;zoffset;Z Offset;${zoffset}]\n\t\tbutton_exit[6.1,0.2;2,1;save;Save]\n\t\tlabel[4,0.5;Item]\n\t\tlist[context;main;5,0.2;1,1;]\n\t\tlist[current_player;main;0,1.5;8,4;]\n\t\tlistring[]\n\t","xoffset":"0","yoffset":"0","zoffset":"-4"},"inventory":{"main":["super_sam:coin"]}},"(8,7,0)":{"fields":{"formspec":"\t\tsize[8,5.5;]\n\t\tfield[0.2,0.5;1,1;xoffset;X Offset;${xoffset}]\n\t\tfield[1.2,0.5;1,1;yoffset;Y Offset;${yoffset}]\n\t\tfield[2.2,0.5;1,1;zoffset;Z Offset;${zoffset}]\n\t\tbutton_exit[6.1,0.2;2,1;save;Save]\n\t\tlabel[4,0.5;Item]\n\t\tlist[context;main;5,0.2;1,1;]\n\t\tlist[current_player;main;0,1.5;8,4;]\n\t\tlistring[]\n\t","xoffset":"0","yoffset":"0","zoffset":"-4"},"inventory":{"main":["super_sam:coin"]}}},"timers":null},"(1,1,2)":{"meta":{"(0,14,2)":{"fields":{"formspec":"\t\tsize[8,5.5;]\n\t\tfield[0.2,0.5;1,1;xoffset;X Offset;${xoffset}]\n\t\tfield[1.2,0.5;1,1;yoffset;Y Offset;${yoffset}]\n\t\tfield[2.2,0.5;1,1;zoffset;Z Offset;${zoffset}]\n\t\tbutton_exit[6.1,0.2;2,1;save;Save]\n\t\tlabel[4,0.5;Item]\n\t\tlist[context;main;5,0.2;1,1;]\n\t\tlist[current_player;main;0,1.5;8,4;]\n\t\tlistring[]\n\t","xoffset":"0","yoffset":"3","zoffset":"0"},"inventory":{"main":["super_sam:coin"]}},"(14,14,2)":{"fields":{"formspec":"\t\tsize[8,5.5;]\n\t\tfield[0.2,0.5;1,1;xoffset;X Offset;${xoffset}]\n\t\tfield[1.2,0.5;1,1;yoffset;Y Offset;${yoffset}]\n\t\tfield[2.2,0.5;1,1;zoffset;Z Offset;${zoffset}]\n\t\tbutton_exit[6.1,0.2;2,1;save;Save]\n\t\tlabel[4,0.5;Item]\n\t\tlist[context;main;5,0.2;1,1;]\n\t\tlist[current_player;main;0,1.5;8,4;]\n\t\tlistring[]\n\t","xoffset":"0","yoffset":"3","zoffset":"0"},"inventory":{"main":["super_sam:coin"]}},"(2,14,2)":{"fields":{"formspec":"\t\tsize[8,5.5;]\n\t\tfield[0.2,0.5;1,1;xoffset;X Offset;${xoffset}]\n\t\tfield[1.2,0.5;1,1;yoffset;Y Offset;${yoffset}]\n\t\tfield[2.2,0.5;1,1;zoffset;Z Offset;${zoffset}]\n\t\tbutton_exit[6.1,0.2;2,1;save;Save]\n\t\tlabel[4,0.5;Item]\n\t\tlist[context;main;5,0.2;1,1;]\n\t\tlist[current_player;main;0,1.5;8,4;]\n\t\tlistring[]\n\t","xoffset":"0","yoffset":"3","zoffset":"0"},"inventory":{"main":["super_sam:coin"]}},"(3,14,0)":{"fields":{"formspec":"\t\tsize[8,5.5;]\n\t\tfield[0.2,0.5;1,1;xoffset;X Offset;${xoffset}]\n\t\tfield[1.2,0.5;1,1;yoffset;Y Offset;${yoffset}]\n\t\tfield[2.2,0.5;1,1;zoffset;Z Offset;${zoffset}]\n\t\tbutton_exit[6.1,0.2;2,1;save;Save]\n\t\tlabel[4,0.5;Item]\n\t\tlist[context;main;5,0.2;1,1;]\n\t\tlist[current_player;main;0,1.5;8,4;]\n\t\tlistring[]\n\t","xoffset":"0","yoffset":"3","zoffset":"0"},"inventory":{"main":["super_sam:coin"]}},"(3,14,4)":{"fields":{"formspec":"\t\tsize[8,5.5;]\n\t\tfield[0.2,0.5;1,1;xoffset;X Offset;${xoffset}]\n\t\tfield[1.2,0.5;1,1;yoffset;Y Offset;${yoffset}]\n\t\tfield[2.2,0.5;1,1;zoffset;Z Offset;${zoffset}]\n\t\tbutton_exit[6.1,0.2;2,1;save;Save]\n\t\tlabel[4,0.5;Item]\n\t\tlist[context;main;5,0.2;1,1;]\n\t\tlist[current_player;main;0,1.5;8,4;]\n\t\tlistring[]\n\t","xoffset":"0","yoffset":"3","zoffset":"0"},"inventory":{"main":["super_sam:coin"]}},"(4,14,13)":{"fields":{"formspec":"\t\tsize[8,5.5;]\n\t\tfield[0.2,0.5;1,1;xoffset;X Offset;${xoffset}]\n\t\tfield[1.2,0.5;1,1;yoffset;Y Offset;${yoffset}]\n\t\tfield[2.2,0.5;1,1;zoffset;Z Offset;${zoffset}]\n\t\tbutton_exit[6.1,0.2;2,1;save;Save]\n\t\tlabel[4,0.5;Item]\n\t\tlist[context;main;5,0.2;1,1;]\n\t\tlist[current_player;main;0,1.5;8,4;]\n\t\tlistring[]\n\t","xoffset":"0","yoffset":"3","zoffset":"0"},"inventory":{"main":["super_sam:time_bonus"]}},"(4,14,2)":{"fields":{"formspec":"\t\tsize[8,5.5;]\n\t\tfield[0.2,0.5;1,1;xoffset;X Offset;${xoffset}]\n\t\tfield[1.2,0.5;1,1;yoffset;Y Offset;${yoffset}]\n\t\tfield[2.2,0.5;1,1;zoffset;Z Offset;${zoffset}]\n\t\tbutton_exit[6.1,0.2;2,1;save;Save]\n\t\tlabel[4,0.5;Item]\n\t\tlist[context;main;5,0.2;1,1;]\n\t\tlist[current_player;main;0,1.5;8,4;]\n\t\tlistring[]\n\t","xoffset":"0","yoffset":"3","zoffset":"0"},"inventory":{"main":["super_sam:coin"]}},"(6,14,2)":{"fields":{"formspec":"\t\tsize[8,5.5;]\n\t\tfield[0.2,0.5;1,1;xoffset;X Offset;${xoffset}]\n\t\tfield[1.2,0.5;1,1;yoffset;Y Offset;${yoffset}]\n\t\tfield[2.2,0.5;1,1;zoffset;Z Offset;${zoffset}]\n\t\tbutton_exit[6.1,0.2;2,1;save;Save]\n\t\tlabel[4,0.5;Item]\n\t\tlist[context;main;5,0.2;1,1;]\n\t\tlist[current_player;main;0,1.5;8,4;]\n\t\tlistring[]\n\t","xoffset":"0","yoffset":"3","zoffset":"0"},"inventory":{"main":["super_sam:coin"]}}},"timers":null},"(1,2,1)":{"meta":{"(10,8,0)":{"fields":{"formspec":"\t\tsize[8,5.5;]\n\t\tfield[0.2,0.5;1,1;xoffset;X Offset;${xoffset}]\n\t\tfield[1.2,0.5;1,1;yoffset;Y Offset;${yoffset}]\n\t\tfield[2.2,0.5;1,1;zoffset;Z Offset;${zoffset}]\n\t\tbutton_exit[6.1,0.2;2,1;save;Save]\n\t\tlabel[4,0.5;Item]\n\t\tlist[context;main;5,0.2;1,1;]\n\t\tlist[current_player;main;0,1.5;8,4;]\n\t\tlistring[]\n\t","xoffset":"0","yoffset":"0","zoffset":"4"},"inventory":{"main":["super_sam:coin"]}},"(12,8,0)":{"fields":{"formspec":"\t\tsize[8,5.5;]\n\t\tfield[0.2,0.5;1,1;xoffset;X Offset;${xoffset}]\n\t\tfield[1.2,0.5;1,1;yoffset;Y Offset;${yoffset}]\n\t\tfield[2.2,0.5;1,1;zoffset;Z Offset;${zoffset}]\n\t\tbutton_exit[6.1,0.2;2,1;save;Save]\n\t\tlabel[4,0.5;Item]\n\t\tlist[context;main;5,0.2;1,1;]\n\t\tlist[current_player;main;0,1.5;8,4;]\n\t\tlistring[]\n\t","xoffset":"0","yoffset":"0","zoffset":"4"},"inventory":{"main":["super_sam:coin"]}},"(14,8,0)":{"fields":{"formspec":"\t\tsize[8,5.5;]\n\t\tfield[0.2,0.5;1,1;xoffset;X Offset;${xoffset}]\n\t\tfield[1.2,0.5;1,1;yoffset;Y Offset;${yoffset}]\n\t\tfield[2.2,0.5;1,1;zoffset;Z Offset;${zoffset}]\n\t\tbutton_exit[6.1,0.2;2,1;save;Save]\n\t\tlabel[4,0.5;Item]\n\t\tlist[context;main;5,0.2;1,1;]\n\t\tlist[current_player;main;0,1.5;8,4;]\n\t\tlistring[]\n\t","xoffset":"0","yoffset":"0","zoffset":"4"},"inventory":{"main":["super_sam:coin"]}},"(15,5,8)":{"fields":{"formspec":"\t\tsize[8,7.5;]\n\t\tfield[0.2,0.5;1,1;xoffset;X Offset;${xoffset}]\n\t\tfield[1.2,0.5;1,1;yoffset;Y Offset;${yoffset}]\n\t\tfield[2.2,0.5;1,1;zoffset;Z Offset;${zoffset}]\n\t\tfield[3.2,0.5;1,1;interval;Interval;${interval}]\n\t\tbutton_exit[6.1,0.2;2,1;save;Save]\n\t\tlabel[4,0.5;Item]\n\t\tlist[context;main;5,0.2;1,1;]\n\n\t\tfield[0.2,1.5;1,1;xvel;X Speed;${xvel}]\n\t\tfield[1.2,1.5;1,1;yvel;Y Speed;${yvel}]\n\t\tfield[2.2,1.5;1,1;zvel;Z Speed;${zvel}]\n\n\t\tfield[0.2,2.5;1,1;xsize;X Size;${xsize}]\n\t\tfield[1.2,2.5;1,1;ysize;Y Size;${ysize}]\n\t\tfield[2.2,2.5;1,1;zsize;Z Size;${zsize}]\n\n\t\tlist[current_player;main;0,3.5;8,4;]\n\t\tlistring[]\n\t","interval":"5","xoffset":"0","xsize":"2.9","xvel":"0","yoffset":"1","ysize":"0.9","yvel":"0","zoffset":"0","zsize":"2.9","zvel":"2"},"inventory":{"main":["super_sam:obsidian_block"]}},"(2,8,0)":{"fields":{"formspec":"\t\tsize[8,5.5;]\n\t\tfield[0.2,0.5;1,1;xoffset;X Offset;${xoffset}]\n\t\tfield[1.2,0.5;1,1;yoffset;Y Offset;${yoffset}]\n\t\tfield[2.2,0.5;1,1;zoffset;Z Offset;${zoffset}]\n\t\tbutton_exit[6.1,0.2;2,1;save;Save]\n\t\tlabel[4,0.5;Item]\n\t\tlist[context;main;5,0.2;1,1;]\n\t\tlist[current_player;main;0,1.5;8,4;]\n\t\tlistring[]\n\t","xoffset":"0","yoffset":"0","zoffset":"4"},"inventory":{"main":["super_sam:coin"]}},"(4,8,0)":{"fields":{"formspec":"\t\tsize[8,5.5;]\n\t\tfield[0.2,0.5;1,1;xoffset;X Offset;${xoffset}]\n\t\tfield[1.2,0.5;1,1;yoffset;Y Offset;${yoffset}]\n\t\tfield[2.2,0.5;1,1;zoffset;Z Offset;${zoffset}]\n\t\tbutton_exit[6.1,0.2;2,1;save;Save]\n\t\tlabel[4,0.5;Item]\n\t\tlist[context;main;5,0.2;1,1;]\n\t\tlist[current_player;main;0,1.5;8,4;]\n\t\tlistring[]\n\t","xoffset":"0","yoffset":"0","zoffset":"4"},"inventory":{"main":["super_sam:coin"]}},"(6,8,0)":{"fields":{"formspec":"\t\tsize[8,5.5;]\n\t\tfield[0.2,0.5;1,1;xoffset;X Offset;${xoffset}]\n\t\tfield[1.2,0.5;1,1;yoffset;Y Offset;${yoffset}]\n\t\tfield[2.2,0.5;1,1;zoffset;Z Offset;${zoffset}]\n\t\tbutton_exit[6.1,0.2;2,1;save;Save]\n\t\tlabel[4,0.5;Item]\n\t\tlist[context;main;5,0.2;1,1;]\n\t\tlist[current_player;main;0,1.5;8,4;]\n\t\tlistring[]\n\t","xoffset":"0","yoffset":"0","zoffset":"4"},"inventory":{"main":["super_sam:coin"]}},"(8,8,0)":{"fields":{"formspec":"\t\tsize[8,5.5;]\n\t\tfield[0.2,0.5;1,1;xoffset;X Offset;${xoffset}]\n\t\tfield[1.2,0.5;1,1;yoffset;Y Offset;${yoffset}]\n\t\tfield[2.2,0.5;1,1;zoffset;Z Offset;${zoffset}]\n\t\tbutton_exit[6.1,0.2;2,1;save;Save]\n\t\tlabel[4,0.5;Item]\n\t\tlist[context;main;5,0.2;1,1;]\n\t\tlist[current_player;main;0,1.5;8,4;]\n\t\tlistring[]\n\t","xoffset":"0","yoffset":"0","zoffset":"4"},"inventory":{"main":["super_sam:coin"]}}},"timers":{"(15,5,8)":{"elapsed":0.0,"timeout":5.0}}},"(1,2,3)":{"meta":{"(0,7,0)":{"fields":{"formspec":"\t\tsize[8,5.5;]\n\t\tfield[0.2,0.5;1,1;xoffset;X Offset;${xoffset}]\n\t\tfield[1.2,0.5;1,1;yoffset;Y Offset;${yoffset}]\n\t\tfield[2.2,0.5;1,1;zoffset;Z Offset;${zoffset}]\n\t\tbutton_exit[6.1,0.2;2,1;save;Save]\n\t\tlabel[4,0.5;Item]\n\t\tlist[context;main;5,0.2;1,1;]\n\t\tlist[current_player;main;0,1.5;8,4;]\n\t\tlistring[]\n\t","xoffset":"0","yoffset":"0","zoffset":"-4"},"inventory":{"main":["super_sam:coin"]}},"(13,8,0)":{"fields":{"formspec":"\t\tsize[8,5.5;]\n\t\tfield[0.2,0.5;1,1;xoffset;X Offset;${xoffset}]\n\t\tfield[1.2,0.5;1,1;yoffset;Y Offset;${yoffset}]\n\t\tfield[2.2,0.5;1,1;zoffset;Z Offset;${zoffset}]\n\t\tbutton_exit[6.1,0.2;2,1;save;Save]\n\t\tlabel[4,0.5;Item]\n\t\tlist[context;main;5,0.2;1,1;]\n\t\tlist[current_player;main;0,1.5;8,4;]\n\t\tlistring[]\n\t","xoffset":"0","yoffset":"0","zoffset":"-4"},"inventory":{"main":["super_sam:coin"]}},"(15,8,0)":{"fields":{"formspec":"\t\tsize[8,5.5;]\n\t\tfield[0.2,0.5;1,1;xoffset;X Offset;${xoffset}]\n\t\tfield[1.2,0.5;1,1;yoffset;Y Offset;${yoffset}]\n\t\tfield[2.2,0.5;1,1;zoffset;Z Offset;${zoffset}]\n\t\tbutton_exit[6.1,0.2;2,1;save;Save]\n\t\tlabel[4,0.5;Item]\n\t\tlist[context;main;5,0.2;1,1;]\n\t\tlist[current_player;main;0,1.5;8,4;]\n\t\tlistring[]\n\t","xoffset":"0","yoffset":"0","zoffset":"-4"},"inventory":{"main":["super_sam:coin"]}},"(2,7,0)":{"fields":{"formspec":"\t\tsize[8,5.5;]\n\t\tfield[0.2,0.5;1,1;xoffset;X Offset;${xoffset}]\n\t\tfield[1.2,0.5;1,1;yoffset;Y Offset;${yoffset}]\n\t\tfield[2.2,0.5;1,1;zoffset;Z Offset;${zoffset}]\n\t\tbutton_exit[6.1,0.2;2,1;save;Save]\n\t\tlabel[4,0.5;Item]\n\t\tlist[context;main;5,0.2;1,1;]\n\t\tlist[current_player;main;0,1.5;8,4;]\n\t\tlistring[]\n\t","xoffset":"0","yoffset":"0","zoffset":"-4"},"inventory":{"main":["super_sam:coin"]}}},"timers":null},"(2,1,1)":{"meta":{"(2,14,6)":{"fields":{"formspec":"\t\tsize[8,5.5;]\n\t\tfield[0.2,0.5;1,1;xoffset;X Offset;${xoffset}]\n\t\tfield[1.2,0.5;1,1;yoffset;Y Offset;${yoffset}]\n\t\tfield[2.2,0.5;1,1;zoffset;Z Offset;${zoffset}]\n\t\tbutton_exit[6.1,0.2;2,1;save;Save]\n\t\tlabel[4,0.5;Item]\n\t\tlist[context;main;5,0.2;1,1;]\n\t\tlist[current_player;main;0,1.5;8,4;]\n\t\tlistring[]\n\t","xoffset":"0","yoffset":"3","zoffset":"0"},"inventory":{"main":["super_sam:time_bonus"]}}},"timers":null},"(2,1,2)":{"meta":{"(0,14,2)":{"fields":{"formspec":"\t\tsize[8,5.5;]\n\t\tfield[0.2,0.5;1,1;xoffset;X Offset;${xoffset}]\n\t\tfield[1.2,0.5;1,1;yoffset;Y Offset;${yoffset}]\n\t\tfield[2.2,0.5;1,1;zoffset;Z Offset;${zoffset}]\n\t\tbutton_exit[6.1,0.2;2,1;save;Save]\n\t\tlabel[4,0.5;Item]\n\t\tlist[context;main;5,0.2;1,1;]\n\t\tlist[current_player;main;0,1.5;8,4;]\n\t\tlistring[]\n\t","xoffset":"0","yoffset":"3","zoffset":"0"},"inventory":{"main":["super_sam:coin"]}},"(2,14,1)":{"fields":{"formspec":"\t\tsize[8,5.5;]\n\t\tfield[0.2,0.5;1,1;xoffset;X Offset;${xoffset}]\n\t\tfield[1.2,0.5;1,1;yoffset;Y Offset;${yoffset}]\n\t\tfield[2.2,0.5;1,1;zoffset;Z Offset;${zoffset}]\n\t\tbutton_exit[6.1,0.2;2,1;save;Save]\n\t\tlabel[4,0.5;Item]\n\t\tlist[context;main;5,0.2;1,1;]\n\t\tlist[current_player;main;0,1.5;8,4;]\n\t\tlistring[]\n\t","xoffset":"0","yoffset":"3","zoffset":"0"},"inventory":{"main":["super_sam:coin"]}},"(2,14,3)":{"fields":{"formspec":"\t\tsize[8,5.5;]\n\t\tfield[0.2,0.5;1,1;xoffset;X Offset;${xoffset}]\n\t\tfield[1.2,0.5;1,1;yoffset;Y Offset;${yoffset}]\n\t\tfield[2.2,0.5;1,1;zoffset;Z Offset;${zoffset}]\n\t\tbutton_exit[6.1,0.2;2,1;save;Save]\n\t\tlabel[4,0.5;Item]\n\t\tlist[context;main;5,0.2;1,1;]\n\t\tlist[current_player;main;0,1.5;8,4;]\n\t\tlistring[]\n\t","xoffset":"0","yoffset":"3","zoffset":"0"},"inventory":{"main":["super_sam:coin"]}},"(4,14,2)":{"fields":{"formspec":"\t\tsize[8,5.5;]\n\t\tfield[0.2,0.5;1,1;xoffset;X Offset;${xoffset}]\n\t\tfield[1.2,0.5;1,1;yoffset;Y Offset;${yoffset}]\n\t\tfield[2.2,0.5;1,1;zoffset;Z Offset;${zoffset}]\n\t\tbutton_exit[6.1,0.2;2,1;save;Save]\n\t\tlabel[4,0.5;Item]\n\t\tlist[context;main;5,0.2;1,1;]\n\t\tlist[current_player;main;0,1.5;8,4;]\n\t\tlistring[]\n\t","xoffset":"0","yoffset":"3","zoffset":"0"},"inventory":{"main":["super_sam:coin"]}},"(6,14,2)":{"fields":{"formspec":"\t\tsize[8,5.5;]\n\t\tfield[0.2,0.5;1,1;xoffset;X Offset;${xoffset}]\n\t\tfield[1.2,0.5;1,1;yoffset;Y Offset;${yoffset}]\n\t\tfield[2.2,0.5;1,1;zoffset;Z Offset;${zoffset}]\n\t\tbutton_exit[6.1,0.2;2,1;save;Save]\n\t\tlabel[4,0.5;Item]\n\t\tlist[context;main;5,0.2;1,1;]\n\t\tlist[current_player;main;0,1.5;8,4;]\n\t\tlistring[]\n\t","xoffset":"0","yoffset":"3","zoffset":"0"},"inventory":{"main":["super_sam:coin"]}}},"timers":null},"(2,2,1)":{"meta":{"(11,11,10)":{"fields":{"formspec":"\t\tsize[8,5.5;]\n\t\tfield[0.2,0.5;1,1;xoffset;X Offset;${xoffset}]\n\t\tfield[1.2,0.5;1,1;yoffset;Y Offset;${yoffset}]\n\t\tfield[2.2,0.5;1,1;zoffset;Z Offset;${zoffset}]\n\t\tbutton_exit[6.1,0.2;2,1;save;Save]\n\t\tlabel[4,0.5;Item]\n\t\tlist[context;main;5,0.2;1,1;]\n\t\tlist[current_player;main;0,1.5;8,4;]\n\t\tlistring[]\n\t","xoffset":"0","yoffset":"2","zoffset":"0"},"inventory":{"main":["super_sam:coin"]}},"(11,11,12)":{"fields":{"formspec":"\t\tsize[8,5.5;]\n\t\tfield[0.2,0.5;1,1;xoffset;X Offset;${xoffset}]\n\t\tfield[1.2,0.5;1,1;yoffset;Y Offset;${yoffset}]\n\t\tfield[2.2,0.5;1,1;zoffset;Z Offset;${zoffset}]\n\t\tbutton_exit[6.1,0.2;2,1;save;Save]\n\t\tlabel[4,0.5;Item]\n\t\tlist[context;main;5,0.2;1,1;]\n\t\tlist[current_player;main;0,1.5;8,4;]\n\t\tlistring[]\n\t","xoffset":"0","yoffset":"2","zoffset":"0"},"inventory":{"main":["super_sam:coin"]}},"(11,11,14)":{"fields":{"formspec":"\t\tsize[8,5.5;]\n\t\tfield[0.2,0.5;1,1;xoffset;X Offset;${xoffset}]\n\t\tfield[1.2,0.5;1,1;yoffset;Y Offset;${yoffset}]\n\t\tfield[2.2,0.5;1,1;zoffset;Z Offset;${zoffset}]\n\t\tbutton_exit[6.1,0.2;2,1;save;Save]\n\t\tlabel[4,0.5;Item]\n\t\tlist[context;main;5,0.2;1,1;]\n\t\tlist[current_player;main;0,1.5;8,4;]\n\t\tlistring[]\n\t","xoffset":"0","yoffset":"2","zoffset":"0"},"inventory":{"main":["super_sam:coin"]}},"(11,11,8)":{"fields":{"formspec":"\t\tsize[8,5.5;]\n\t\tfield[0.2,0.5;1,1;xoffset;X Offset;${xoffset}]\n\t\tfield[1.2,0.5;1,1;yoffset;Y Offset;${yoffset}]\n\t\tfield[2.2,0.5;1,1;zoffset;Z Offset;${zoffset}]\n\t\tbutton_exit[6.1,0.2;2,1;save;Save]\n\t\tlabel[4,0.5;Item]\n\t\tlist[context;main;5,0.2;1,1;]\n\t\tlist[current_player;main;0,1.5;8,4;]\n\t\tlistring[]\n\t","xoffset":"0","yoffset":"2","zoffset":"0"},"inventory":{"main":["super_sam:coin"]}}},"timers":null},"(2,2,2)":{"meta":{"(11,11,0)":{"fields":{"formspec":"\t\tsize[8,5.5;]\n\t\tfield[0.2,0.5;1,1;xoffset;X Offset;${xoffset}]\n\t\tfield[1.2,0.5;1,1;yoffset;Y Offset;${yoffset}]\n\t\tfield[2.2,0.5;1,1;zoffset;Z Offset;${zoffset}]\n\t\tbutton_exit[6.1,0.2;2,1;save;Save]\n\t\tlabel[4,0.5;Item]\n\t\tlist[context;main;5,0.2;1,1;]\n\t\tlist[current_player;main;0,1.5;8,4;]\n\t\tlistring[]\n\t","xoffset":"0","yoffset":"2","zoffset":"0"},"inventory":{"main":["super_sam:coin"]}},"(11,11,2)":{"fields":{"formspec":"\t\tsize[8,5.5;]\n\t\tfield[0.2,0.5;1,1;xoffset;X Offset;${xoffset}]\n\t\tfield[1.2,0.5;1,1;yoffset;Y Offset;${yoffset}]\n\t\tfield[2.2,0.5;1,1;zoffset;Z Offset;${zoffset}]\n\t\tbutton_exit[6.1,0.2;2,1;save;Save]\n\t\tlabel[4,0.5;Item]\n\t\tlist[context;main;5,0.2;1,1;]\n\t\tlist[current_player;main;0,1.5;8,4;]\n\t\tlistring[]\n\t","xoffset":"0","yoffset":"2","zoffset":"0"},"inventory":{"main":["super_sam:coin"]}},"(11,11,4)":{"fields":{"formspec":"\t\tsize[8,5.5;]\n\t\tfield[0.2,0.5;1,1;xoffset;X Offset;${xoffset}]\n\t\tfield[1.2,0.5;1,1;yoffset;Y Offset;${yoffset}]\n\t\tfield[2.2,0.5;1,1;zoffset;Z Offset;${zoffset}]\n\t\tbutton_exit[6.1,0.2;2,1;save;Save]\n\t\tlabel[4,0.5;Item]\n\t\tlist[context;main;5,0.2;1,1;]\n\t\tlist[current_player;main;0,1.5;8,4;]\n\t\tlistring[]\n\t","xoffset":"0","yoffset":"2","zoffset":"0"},"inventory":{"main":["super_sam:coin"]}},"(11,11,6)":{"fields":{"formspec":"\t\tsize[8,5.5;]\n\t\tfield[0.2,0.5;1,1;xoffset;X Offset;${xoffset}]\n\t\tfield[1.2,0.5;1,1;yoffset;Y Offset;${yoffset}]\n\t\tfield[2.2,0.5;1,1;zoffset;Z Offset;${zoffset}]\n\t\tbutton_exit[6.1,0.2;2,1;save;Save]\n\t\tlabel[4,0.5;Item]\n\t\tlist[context;main;5,0.2;1,1;]\n\t\tlist[current_player;main;0,1.5;8,4;]\n\t\tlistring[]\n\t","xoffset":"0","yoffset":"2","zoffset":"0"},"inventory":{"main":["super_sam:coin"]}},"(11,11,8)":{"fields":{"formspec":"\t\tsize[8,5.5;]\n\t\tfield[0.2,0.5;1,1;xoffset;X Offset;${xoffset}]\n\t\tfield[1.2,0.5;1,1;yoffset;Y Offset;${yoffset}]\n\t\tfield[2.2,0.5;1,1;zoffset;Z Offset;${zoffset}]\n\t\tbutton_exit[6.1,0.2;2,1;save;Save]\n\t\tlabel[4,0.5;Item]\n\t\tlist[context;main;5,0.2;1,1;]\n\t\tlist[current_player;main;0,1.5;8,4;]\n\t\tlistring[]\n\t","xoffset":"0","yoffset":"2","zoffset":"0"},"inventory":{"main":["super_sam:coin"]}},"(9,7,11)":{"fields":{"lookdir":"+x","name":"s05e02","time":"60","xminus":"5","xplus":"22","yminus":"0","yplus":"29","zminus":"26","zplus":"4"},"inventory":null}},"timers":null},"(2,2,3)":{"meta":{"(1,8,0)":{"fields":{"formspec":"\t\tsize[8,5.5;]\n\t\tfield[0.2,0.5;1,1;xoffset;X Offset;${xoffset}]\n\t\tfield[1.2,0.5;1,1;yoffset;Y Offset;${yoffset}]\n\t\tfield[2.2,0.5;1,1;zoffset;Z Offset;${zoffset}]\n\t\tbutton_exit[6.1,0.2;2,1;save;Save]\n\t\tlabel[4,0.5;Item]\n\t\tlist[context;main;5,0.2;1,1;]\n\t\tlist[current_player;main;0,1.5;8,4;]\n\t\tlistring[]\n\t","xoffset":"0","yoffset":"0","zoffset":"-4"},"inventory":{"main":["super_sam:coin"]}},"(3,8,0)":{"fields":{"formspec":"\t\tsize[8,5.5;]\n\t\tfield[0.2,0.5;1,1;xoffset;X Offset;${xoffset}]\n\t\tfield[1.2,0.5;1,1;yoffset;Y Offset;${yoffset}]\n\t\tfield[2.2,0.5;1,1;zoffset;Z Offset;${zoffset}]\n\t\tbutton_exit[6.1,0.2;2,1;save;Save]\n\t\tlabel[4,0.5;Item]\n\t\tlist[context;main;5,0.2;1,1;]\n\t\tlist[current_player;main;0,1.5;8,4;]\n\t\tlistring[]\n\t","xoffset":"0","yoffset":"0","zoffset":"-4"},"inventory":{"main":["super_sam:coin"]}}},"timers":null},"(2,3,2)":{"meta":{"(15,1,5)":{"fields":{"formspec":"\t\tsize[8,5.5;]\n\t\tfield[0.2,0.5;1,1;xoffset;X Offset;${xoffset}]\n\t\tfield[1.2,0.5;1,1;yoffset;Y Offset;${yoffset}]\n\t\tfield[2.2,0.5;1,1;zoffset;Z Offset;${zoffset}]\n\t\tbutton_exit[6.1,0.2;2,1;save;Save]\n\t\tlabel[4,0.5;Item]\n\t\tlist[context;main;5,0.2;1,1;]\n\t\tlist[current_player;main;0,1.5;8,4;]\n\t\tlistring[]\n\t","xoffset":"0","yoffset":"2","zoffset":"0"},"inventory":{"main":["super_sam:coin"]}}},"timers":null},"(3,3,1)":{"meta":{"(2,3,13)":{"fields":{"formspec":"\t\tsize[8,5.5;]\n\t\tfield[0.2,0.5;1,1;xoffset;X Offset;${xoffset}]\n\t\tfield[1.2,0.5;1,1;yoffset;Y Offset;${yoffset}]\n\t\tfield[2.2,0.5;1,1;zoffset;Z Offset;${zoffset}]\n\t\tbutton_exit[6.1,0.2;2,1;save;Save]\n\t\tlabel[4,0.5;Item]\n\t\tlist[context;main;5,0.2;1,1;]\n\t\tlist[current_player;main;0,1.5;8,4;]\n\t\tlistring[]\n\t","xoffset":"0","yoffset":"2","zoffset":"0"},"inventory":{"main":["super_sam:coin"]}},"(2,3,15)":{"fields":{"formspec":"\t\tsize[8,5.5;]\n\t\tfield[0.2,0.5;1,1;xoffset;X Offset;${xoffset}]\n\t\tfield[1.2,0.5;1,1;yoffset;Y Offset;${yoffset}]\n\t\tfield[2.2,0.5;1,1;zoffset;Z Offset;${zoffset}]\n\t\tbutton_exit[6.1,0.2;2,1;save;Save]\n\t\tlabel[4,0.5;Item]\n\t\tlist[context;main;5,0.2;1,1;]\n\t\tlist[current_player;main;0,1.5;8,4;]\n\t\tlistring[]\n\t","xoffset":"0","yoffset":"2","zoffset":"0"},"inventory":{"main":["super_sam:coin"]}},"(3,11,13)":{"fields":{"formspec":"\t\tsize[8,5.5;]\n\t\tfield[0.2,0.5;1,1;xoffset;X Offset;${xoffset}]\n\t\tfield[1.2,0.5;1,1;yoffset;Y Offset;${yoffset}]\n\t\tfield[2.2,0.5;1,1;zoffset;Z Offset;${zoffset}]\n\t\tbutton_exit[6.1,0.2;2,1;save;Save]\n\t\tlabel[4,0.5;Item]\n\t\tlist[context;main;5,0.2;1,1;]\n\t\tlist[current_player;main;0,1.5;8,4;]\n\t\tlistring[]\n\t","xoffset":"0","yoffset":"2","zoffset":"0"},"inventory":{"main":["super_sam:coin"]}},"(3,11,15)":{"fields":{"formspec":"\t\tsize[8,5.5;]\n\t\tfield[0.2,0.5;1,1;xoffset;X Offset;${xoffset}]\n\t\tfield[1.2,0.5;1,1;yoffset;Y Offset;${yoffset}]\n\t\tfield[2.2,0.5;1,1;zoffset;Z Offset;${zoffset}]\n\t\tbutton_exit[6.1,0.2;2,1;save;Save]\n\t\tlabel[4,0.5;Item]\n\t\tlist[context;main;5,0.2;1,1;]\n\t\tlist[current_player;main;0,1.5;8,4;]\n\t\tlistring[]\n\t","xoffset":"0","yoffset":"2","zoffset":"0"},"inventory":{"main":["super_sam:time_bonus"]}},"(3,8,10)":{"fields":{"formspec":"\t\tsize[8,5.5;]\n\t\tfield[0.2,0.5;1,1;xoffset;X Offset;${xoffset}]\n\t\tfield[1.2,0.5;1,1;yoffset;Y Offset;${yoffset}]\n\t\tfield[2.2,0.5;1,1;zoffset;Z Offset;${zoffset}]\n\t\tbutton_exit[6.1,0.2;2,1;save;Save]\n\t\tlabel[4,0.5;Item]\n\t\tlist[context;main;5,0.2;1,1;]\n\t\tlist[current_player;main;0,1.5;8,4;]\n\t\tlistring[]\n\t","xoffset":"0","yoffset":"2","zoffset":"0"},"inventory":{"main":["super_sam:coin"]}},"(3,8,6)":{"fields":{"formspec":"\t\tsize[8,5.5;]\n\t\tfield[0.2,0.5;1,1;xoffset;X Offset;${xoffset}]\n\t\tfield[1.2,0.5;1,1;yoffset;Y Offset;${yoffset}]\n\t\tfield[2.2,0.5;1,1;zoffset;Z Offset;${zoffset}]\n\t\tbutton_exit[6.1,0.2;2,1;save;Save]\n\t\tlabel[4,0.5;Item]\n\t\tlist[context;main;5,0.2;1,1;]\n\t\tlist[current_player;main;0,1.5;8,4;]\n\t\tlistring[]\n\t","xoffset":"0","yoffset":"2","zoffset":"0"},"inventory":{"main":["super_sam:coin"]}},"(3,8,8)":{"fields":{"formspec":"\t\tsize[8,5.5;]\n\t\tfield[0.2,0.5;1,1;xoffset;X Offset;${xoffset}]\n\t\tfield[1.2,0.5;1,1;yoffset;Y Offset;${yoffset}]\n\t\tfield[2.2,0.5;1,1;zoffset;Z Offset;${zoffset}]\n\t\tbutton_exit[6.1,0.2;2,1;save;Save]\n\t\tlabel[4,0.5;Item]\n\t\tlist[context;main;5,0.2;1,1;]\n\t\tlist[current_player;main;0,1.5;8,4;]\n\t\tlistring[]\n\t","xoffset":"0","yoffset":"2","zoffset":"0"},"inventory":{"main":["super_sam:coin"]}}},"timers":null},"(3,3,2)":{"meta":{"(0,1,5)":{"fields":{"formspec":"\t\tsize[8,5.5;]\n\t\tfield[0.2,0.5;1,1;xoffset;X Offset;${xoffset}]\n\t\tfield[1.2,0.5;1,1;yoffset;Y Offset;${yoffset}]\n\t\tfield[2.2,0.5;1,1;zoffset;Z Offset;${zoffset}]\n\t\tbutton_exit[6.1,0.2;2,1;save;Save]\n\t\tlabel[4,0.5;Item]\n\t\tlist[context;main;5,0.2;1,1;]\n\t\tlist[current_player;main;0,1.5;8,4;]\n\t\tlistring[]\n\t","xoffset":"0","yoffset":"2","zoffset":"0"},"inventory":{"main":["super_sam:coin"]}},"(2,3,1)":{"fields":{"formspec":"\t\tsize[8,5.5;]\n\t\tfield[0.2,0.5;1,1;xoffset;X Offset;${xoffset}]\n\t\tfield[1.2,0.5;1,1;yoffset;Y Offset;${yoffset}]\n\t\tfield[2.2,0.5;1,1;zoffset;Z Offset;${zoffset}]\n\t\tbutton_exit[6.1,0.2;2,1;save;Save]\n\t\tlabel[4,0.5;Item]\n\t\tlist[context;main;5,0.2;1,1;]\n\t\tlist[current_player;main;0,1.5;8,4;]\n\t\tlistring[]\n\t","xoffset":"0","yoffset":"2","zoffset":"0"},"inventory":{"main":["super_sam:coin"]}},"(2,3,3)":{"fields":{"formspec":"\t\tsize[8,5.5;]\n\t\tfield[0.2,0.5;1,1;xoffset;X Offset;${xoffset}]\n\t\tfield[1.2,0.5;1,1;yoffset;Y Offset;${yoffset}]\n\t\tfield[2.2,0.5;1,1;zoffset;Z Offset;${zoffset}]\n\t\tbutton_exit[6.1,0.2;2,1;save;Save]\n\t\tlabel[4,0.5;Item]\n\t\tlist[context;main;5,0.2;1,1;]\n\t\tlist[current_player;main;0,1.5;8,4;]\n\t\tlistring[]\n\t","xoffset":"0","yoffset":"2","zoffset":"0"},"inventory":{"main":["super_sam:coin"]}},"(3,11,1)":{"fields":{"formspec":"\t\tsize[8,5.5;]\n\t\tfield[0.2,0.5;1,1;xoffset;X Offset;${xoffset}]\n\t\tfield[1.2,0.5;1,1;yoffset;Y Offset;${yoffset}]\n\t\tfield[2.2,0.5;1,1;zoffset;Z Offset;${zoffset}]\n\t\tbutton_exit[6.1,0.2;2,1;save;Save]\n\t\tlabel[4,0.5;Item]\n\t\tlist[context;main;5,0.2;1,1;]\n\t\tlist[current_player;main;0,1.5;8,4;]\n\t\tlistring[]\n\t","xoffset":"0","yoffset":"2","zoffset":"0"},"inventory":{"main":["super_sam:coin"]}},"(3,11,3)":{"fields":{"formspec":"\t\tsize[8,5.5;]\n\t\tfield[0.2,0.5;1,1;xoffset;X Offset;${xoffset}]\n\t\tfield[1.2,0.5;1,1;yoffset;Y Offset;${yoffset}]\n\t\tfield[2.2,0.5;1,1;zoffset;Z Offset;${zoffset}]\n\t\tbutton_exit[6.1,0.2;2,1;save;Save]\n\t\tlabel[4,0.5;Item]\n\t\tlist[context;main;5,0.2;1,1;]\n\t\tlist[current_player;main;0,1.5;8,4;]\n\t\tlistring[]\n\t","xoffset":"0","yoffset":"2","zoffset":"0"},"inventory":{"main":["super_sam:coin"]}},"(3,11,5)":{"fields":{"formspec":"\t\tsize[8,5.5;]\n\t\tfield[0.2,0.5;1,1;xoffset;X Offset;${xoffset}]\n\t\tfield[1.2,0.5;1,1;yoffset;Y Offset;${yoffset}]\n\t\tfield[2.2,0.5;1,1;zoffset;Z Offset;${zoffset}]\n\t\tbutton_exit[6.1,0.2;2,1;save;Save]\n\t\tlabel[4,0.5;Item]\n\t\tlist[context;main;5,0.2;1,1;]\n\t\tlist[current_player;main;0,1.5;8,4;]\n\t\tlistring[]\n\t","xoffset":"0","yoffset":"2","zoffset":"0"},"inventory":{"main":["super_sam:coin"]}},"(3,11,7)":{"fields":{"formspec":"\t\tsize[8,5.5;]\n\t\tfield[0.2,0.5;1,1;xoffset;X Offset;${xoffset}]\n\t\tfield[1.2,0.5;1,1;yoffset;Y Offset;${yoffset}]\n\t\tfield[2.2,0.5;1,1;zoffset;Z Offset;${zoffset}]\n\t\tbutton_exit[6.1,0.2;2,1;save;Save]\n\t\tlabel[4,0.5;Item]\n\t\tlist[context;main;5,0.2;1,1;]\n\t\tlist[current_player;main;0,1.5;8,4;]\n\t\tlistring[]\n\t","xoffset":"0","yoffset":"2","zoffset":"0"},"inventory":{"main":["super_sam:coin"]}},"(3,8,11)":{"fields":{"formspec":"\t\tsize[8,5.5;]\n\t\tfield[0.2,0.5;1,1;xoffset;X Offset;${xoffset}]\n\t\tfield[1.2,0.5;1,1;yoffset;Y Offset;${yoffset}]\n\t\tfield[2.2,0.5;1,1;zoffset;Z Offset;${zoffset}]\n\t\tbutton_exit[6.1,0.2;2,1;save;Save]\n\t\tlabel[4,0.5;Item]\n\t\tlist[context;main;5,0.2;1,1;]\n\t\tlist[current_player;main;0,1.5;8,4;]\n\t\tlistring[]\n\t","xoffset":"0","yoffset":"2","zoffset":"0"},"inventory":{"main":["super_sam:coin"]}},"(3,8,13)":{"fields":{"formspec":"\t\tsize[8,5.5;]\n\t\tfield[0.2,0.5;1,1;xoffset;X Offset;${xoffset}]\n\t\tfield[1.2,0.5;1,1;yoffset;Y Offset;${yoffset}]\n\t\tfield[2.2,0.5;1,1;zoffset;Z Offset;${zoffset}]\n\t\tbutton_exit[6.1,0.2;2,1;save;Save]\n\t\tlabel[4,0.5;Item]\n\t\tlist[context;main;5,0.2;1,1;]\n\t\tlist[current_player;main;0,1.5;8,4;]\n\t\tlistring[]\n\t","xoffset":"0","yoffset":"2","zoffset":"0"},"inventory":{"main":["super_sam:coin"]}},"(3,8,9)":{"fields":{"formspec":"\t\tsize[8,5.5;]\n\t\tfield[0.2,0.5;1,1;xoffset;X Offset;${xoffset}]\n\t\tfield[1.2,0.5;1,1;yoffset;Y Offset;${yoffset}]\n\t\tfield[2.2,0.5;1,1;zoffset;Z Offset;${zoffset}]\n\t\tbutton_exit[6.1,0.2;2,1;save;Save]\n\t\tlabel[4,0.5;Item]\n\t\tlist[context;main;5,0.2;1,1;]\n\t\tlist[current_player;main;0,1.5;8,4;]\n\t\tlistring[]\n\t","xoffset":"0","yoffset":"2","zoffset":"0"},"inventory":{"main":["super_sam:coin"]}}},"timers":null},"(3,4,1)":{"meta":{"(10,13,13)":{"fields":{"formspec":"\t\tsize[8,5.5;]\n\t\tfield[0.2,0.5;1,1;xoffset;X Offset;${xoffset}]\n\t\tfield[1.2,0.5;1,1;yoffset;Y Offset;${yoffset}]\n\t\tfield[2.2,0.5;1,1;zoffset;Z Offset;${zoffset}]\n\t\tbutton_exit[6.1,0.2;2,1;save;Save]\n\t\tlabel[4,0.5;Item]\n\t\tlist[context;main;5,0.2;1,1;]\n\t\tlist[current_player;main;0,1.5;8,4;]\n\t\tlistring[]\n\t","xoffset":"0","yoffset":"2","zoffset":"0"},"inventory":{"main":["super_sam:coin"]}},"(10,8,12)":{"fields":{"formspec":"\t\tsize[8,5.5;]\n\t\tfield[0.2,0.5;1,1;xoffset;X Offset;${xoffset}]\n\t\tfield[1.2,0.5;1,1;yoffset;Y Offset;${yoffset}]\n\t\tfield[2.2,0.5;1,1;zoffset;Z Offset;${zoffset}]\n\t\tbutton_exit[6.1,0.2;2,1;save;Save]\n\t\tlabel[4,0.5;Item]\n\t\tlist[context;main;5,0.2;1,1;]\n\t\tlist[current_player;main;0,1.5;8,4;]\n\t\tlistring[]\n\t","xoffset":"0","yoffset":"2","zoffset":"0"},"inventory":{"main":["super_sam:coin"]}},"(11,4,12)":{"fields":{"formspec":"\t\tsize[8,5.5;]\n\t\tfield[0.2,0.5;1,1;xoffset;X Offset;${xoffset}]\n\t\tfield[1.2,0.5;1,1;yoffset;Y Offset;${yoffset}]\n\t\tfield[2.2,0.5;1,1;zoffset;Z Offset;${zoffset}]\n\t\tbutton_exit[6.1,0.2;2,1;save;Save]\n\t\tlabel[4,0.5;Item]\n\t\tlist[context;main;5,0.2;1,1;]\n\t\tlist[current_player;main;0,1.5;8,4;]\n\t\tlistring[]\n\t","xoffset":"0","yoffset":"2","zoffset":"0"},"inventory":{"main":["super_sam:coin"]}},"(12,13,12)":{"fields":{"formspec":"\t\tsize[8,5.5;]\n\t\tfield[0.2,0.5;1,1;xoffset;X Offset;${xoffset}]\n\t\tfield[1.2,0.5;1,1;yoffset;Y Offset;${yoffset}]\n\t\tfield[2.2,0.5;1,1;zoffset;Z Offset;${zoffset}]\n\t\tbutton_exit[6.1,0.2;2,1;save;Save]\n\t\tlabel[4,0.5;Item]\n\t\tlist[context;main;5,0.2;1,1;]\n\t\tlist[current_player;main;0,1.5;8,4;]\n\t\tlistring[]\n\t","xoffset":"0","yoffset":"2","zoffset":"0"},"inventory":{"main":["super_sam:coin"]}},"(13,13,12)":{"fields":{"formspec":"\t\tsize[8,5.5;]\n\t\tfield[0.2,0.5;1,1;xoffset;X Offset;${xoffset}]\n\t\tfield[1.2,0.5;1,1;yoffset;Y Offset;${yoffset}]\n\t\tfield[2.2,0.5;1,1;zoffset;Z Offset;${zoffset}]\n\t\tbutton_exit[6.1,0.2;2,1;save;Save]\n\t\tlabel[4,0.5;Item]\n\t\tlist[context;main;5,0.2;1,1;]\n\t\tlist[current_player;main;0,1.5;8,4;]\n\t\tlistring[]\n\t","xoffset":"0","yoffset":"2","zoffset":"0"},"inventory":{"main":["super_sam:coin"]}},"(13,4,12)":{"fields":{"formspec":"\t\tsize[8,5.5;]\n\t\tfield[0.2,0.5;1,1;xoffset;X Offset;${xoffset}]\n\t\tfield[1.2,0.5;1,1;yoffset;Y Offset;${yoffset}]\n\t\tfield[2.2,0.5;1,1;zoffset;Z Offset;${zoffset}]\n\t\tbutton_exit[6.1,0.2;2,1;save;Save]\n\t\tlabel[4,0.5;Item]\n\t\tlist[context;main;5,0.2;1,1;]\n\t\tlist[current_player;main;0,1.5;8,4;]\n\t\tlistring[]\n\t","xoffset":"0","yoffset":"2","zoffset":"0"},"inventory":{"main":["super_sam:coin"]}},"(14,6,12)":{"fields":{"formspec":"\t\tsize[8,5.5;]\n\t\tfield[0.2,0.5;1,1;xoffset;X Offset;${xoffset}]\n\t\tfield[1.2,0.5;1,1;yoffset;Y Offset;${yoffset}]\n\t\tfield[2.2,0.5;1,1;zoffset;Z Offset;${zoffset}]\n\t\tbutton_exit[6.1,0.2;2,1;save;Save]\n\t\tlabel[4,0.5;Item]\n\t\tlist[context;main;5,0.2;1,1;]\n\t\tlist[current_player;main;0,1.5;8,4;]\n\t\tlistring[]\n\t","xoffset":"0","yoffset":"2","zoffset":"0"},"inventory":{"main":["super_sam:coin"]}},"(14,6,14)":{"fields":{"formspec":"\t\tsize[8,5.5;]\n\t\tfield[0.2,0.5;1,1;xoffset;X Offset;${xoffset}]\n\t\tfield[1.2,0.5;1,1;yoffset;Y Offset;${yoffset}]\n\t\tfield[2.2,0.5;1,1;zoffset;Z Offset;${zoffset}]\n\t\tbutton_exit[6.1,0.2;2,1;save;Save]\n\t\tlabel[4,0.5;Item]\n\t\tlist[context;main;5,0.2;1,1;]\n\t\tlist[current_player;main;0,1.5;8,4;]\n\t\tlistring[]\n\t","xoffset":"0","yoffset":"2","zoffset":"0"},"inventory":{"main":["super_sam:coin"]}},"(6,0,14)":{"fields":{"lookdir":"+z","name":"s05e03","time":"60","xminus":"4","xplus":"9","yminus":"0","yplus":"25","zminus":"13","zplus":"17"},"inventory":null},"(7,4,8)":{"fields":{"formspec":"\t\tsize[8,5.5;]\n\t\tfield[0.2,0.5;1,1;xoffset;X Offset;${xoffset}]\n\t\tfield[1.2,0.5;1,1;yoffset;Y Offset;${yoffset}]\n\t\tfield[2.2,0.5;1,1;zoffset;Z Offset;${zoffset}]\n\t\tbutton_exit[6.1,0.2;2,1;save;Save]\n\t\tlabel[4,0.5;Item]\n\t\tlist[context;main;5,0.2;1,1;]\n\t\tlist[current_player;main;0,1.5;8,4;]\n\t\tlistring[]\n\t","xoffset":"0","yoffset":"2","zoffset":"0"},"inventory":{"main":["super_sam:coin"]}},"(8,13,13)":{"fields":{"formspec":"\t\tsize[8,5.5;]\n\t\tfield[0.2,0.5;1,1;xoffset;X Offset;${xoffset}]\n\t\tfield[1.2,0.5;1,1;yoffset;Y Offset;${yoffset}]\n\t\tfield[2.2,0.5;1,1;zoffset;Z Offset;${zoffset}]\n\t\tbutton_exit[6.1,0.2;2,1;save;Save]\n\t\tlabel[4,0.5;Item]\n\t\tlist[context;main;5,0.2;1,1;]\n\t\tlist[current_player;main;0,1.5;8,4;]\n\t\tlistring[]\n\t","xoffset":"0","yoffset":"2","zoffset":"0"},"inventory":{"main":["super_sam:coin"]}},"(9,4,12)":{"fields":{"formspec":"\t\tsize[8,5.5;]\n\t\tfield[0.2,0.5;1,1;xoffset;X Offset;${xoffset}]\n\t\tfield[1.2,0.5;1,1;yoffset;Y Offset;${yoffset}]\n\t\tfield[2.2,0.5;1,1;zoffset;Z Offset;${zoffset}]\n\t\tbutton_exit[6.1,0.2;2,1;save;Save]\n\t\tlabel[4,0.5;Item]\n\t\tlist[context;main;5,0.2;1,1;]\n\t\tlist[current_player;main;0,1.5;8,4;]\n\t\tlistring[]\n\t","xoffset":"0","yoffset":"2","zoffset":"0"},"inventory":{"main":["super_sam:coin"]}}},"timers":null},"(3,4,2)":{"meta":{"(10,9,5)":{"fields":{"formspec":"\t\tsize[8,5.5;]\n\t\tfield[0.2,0.5;1,1;xoffset;X Offset;${xoffset}]\n\t\tfield[1.2,0.5;1,1;yoffset;Y Offset;${yoffset}]\n\t\tfield[2.2,0.5;1,1;zoffset;Z Offset;${zoffset}]\n\t\tbutton_exit[6.1,0.2;2,1;save;Save]\n\t\tlabel[4,0.5;Item]\n\t\tlist[context;main;5,0.2;1,1;]\n\t\tlist[current_player;main;0,1.5;8,4;]\n\t\tlistring[]\n\t","xoffset":"0","yoffset":"2","zoffset":"0"},"inventory":{"main":["super_sam:coin"]}},"(12,9,5)":{"fields":{"formspec":"\t\tsize[8,5.5;]\n\t\tfield[0.2,0.5;1,1;xoffset;X Offset;${xoffset}]\n\t\tfield[1.2,0.5;1,1;yoffset;Y Offset;${yoffset}]\n\t\tfield[2.2,0.5;1,1;zoffset;Z Offset;${zoffset}]\n\t\tbutton_exit[6.1,0.2;2,1;save;Save]\n\t\tlabel[4,0.5;Item]\n\t\tlist[context;main;5,0.2;1,1;]\n\t\tlist[current_player;main;0,1.5;8,4;]\n\t\tlistring[]\n\t","xoffset":"0","yoffset":"2","zoffset":"0"},"inventory":{"main":["super_sam:coin"]}},"(14,6,0)":{"fields":{"formspec":"\t\tsize[8,5.5;]\n\t\tfield[0.2,0.5;1,1;xoffset;X Offset;${xoffset}]\n\t\tfield[1.2,0.5;1,1;yoffset;Y Offset;${yoffset}]\n\t\tfield[2.2,0.5;1,1;zoffset;Z Offset;${zoffset}]\n\t\tbutton_exit[6.1,0.2;2,1;save;Save]\n\t\tlabel[4,0.5;Item]\n\t\tlist[context;main;5,0.2;1,1;]\n\t\tlist[current_player;main;0,1.5;8,4;]\n\t\tlistring[]\n\t","xoffset":"0","yoffset":"2","zoffset":"0"},"inventory":{"main":["super_sam:time_bonus"]}},"(14,6,2)":{"fields":{"formspec":"\t\tsize[8,5.5;]\n\t\tfield[0.2,0.5;1,1;xoffset;X Offset;${xoffset}]\n\t\tfield[1.2,0.5;1,1;yoffset;Y Offset;${yoffset}]\n\t\tfield[2.2,0.5;1,1;zoffset;Z Offset;${zoffset}]\n\t\tbutton_exit[6.1,0.2;2,1;save;Save]\n\t\tlabel[4,0.5;Item]\n\t\tlist[context;main;5,0.2;1,1;]\n\t\tlist[current_player;main;0,1.5;8,4;]\n\t\tlistring[]\n\t","xoffset":"0","yoffset":"2","zoffset":"0"},"inventory":{"main":["super_sam:coin"]}},"(14,6,4)":{"fields":{"formspec":"\t\tsize[8,5.5;]\n\t\tfield[0.2,0.5;1,1;xoffset;X Offset;${xoffset}]\n\t\tfield[1.2,0.5;1,1;yoffset;Y Offset;${yoffset}]\n\t\tfield[2.2,0.5;1,1;zoffset;Z Offset;${zoffset}]\n\t\tbutton_exit[6.1,0.2;2,1;save;Save]\n\t\tlabel[4,0.5;Item]\n\t\tlist[context;main;5,0.2;1,1;]\n\t\tlist[current_player;main;0,1.5;8,4;]\n\t\tlistring[]\n\t","xoffset":"0","yoffset":"2","zoffset":"0"},"inventory":{"main":["super_sam:coin"]}},"(14,9,5)":{"fields":{"formspec":"\t\tsize[8,5.5;]\n\t\tfield[0.2,0.5;1,1;xoffset;X Offset;${xoffset}]\n\t\tfield[1.2,0.5;1,1;yoffset;Y Offset;${yoffset}]\n\t\tfield[2.2,0.5;1,1;zoffset;Z Offset;${zoffset}]\n\t\tbutton_exit[6.1,0.2;2,1;save;Save]\n\t\tlabel[4,0.5;Item]\n\t\tlist[context;main;5,0.2;1,1;]\n\t\tlist[current_player;main;0,1.5;8,4;]\n\t\tlistring[]\n\t","xoffset":"0","yoffset":"2","zoffset":"0"},"inventory":{"main":["super_sam:coin"]}},"(3,9,10)":{"fields":{"formspec":"\t\tsize[8,5.5;]\n\t\tfield[0.2,0.5;1,1;xoffset;X Offset;${xoffset}]\n\t\tfield[1.2,0.5;1,1;yoffset;Y Offset;${yoffset}]\n\t\tfield[2.2,0.5;1,1;zoffset;Z Offset;${zoffset}]\n\t\tbutton_exit[6.1,0.2;2,1;save;Save]\n\t\tlabel[4,0.5;Item]\n\t\tlist[context;main;5,0.2;1,1;]\n\t\tlist[current_player;main;0,1.5;8,4;]\n\t\tlistring[]\n\t","xoffset":"0","yoffset":"2","zoffset":"0"},"inventory":{"main":["super_sam:coin"]}},"(3,9,8)":{"fields":{"formspec":"\t\tsize[8,5.5;]\n\t\tfield[0.2,0.5;1,1;xoffset;X Offset;${xoffset}]\n\t\tfield[1.2,0.5;1,1;yoffset;Y Offset;${yoffset}]\n\t\tfield[2.2,0.5;1,1;zoffset;Z Offset;${zoffset}]\n\t\tbutton_exit[6.1,0.2;2,1;save;Save]\n\t\tlabel[4,0.5;Item]\n\t\tlist[context;main;5,0.2;1,1;]\n\t\tlist[current_player;main;0,1.5;8,4;]\n\t\tlistring[]\n\t","xoffset":"0","yoffset":"2","zoffset":"0"},"inventory":{"main":["super_sam:coin"]}},"(4,5,8)":{"fields":{"formspec":"\t\tsize[8,5.5;]\n\t\tfield[0.2,0.5;1,1;xoffset;X Offset;${xoffset}]\n\t\tfield[1.2,0.5;1,1;yoffset;Y Offset;${yoffset}]\n\t\tfield[2.2,0.5;1,1;zoffset;Z Offset;${zoffset}]\n\t\tbutton_exit[6.1,0.2;2,1;save;Save]\n\t\tlabel[4,0.5;Item]\n\t\tlist[context;main;5,0.2;1,1;]\n\t\tlist[current_player;main;0,1.5;8,4;]\n\t\tlistring[]\n\t","xoffset":"0","yoffset":"2","zoffset":"0"},"inventory":{"main":["super_sam:coin"]}},"(4,9,6)":{"fields":{"formspec":"\t\tsize[8,5.5;]\n\t\tfield[0.2,0.5;1,1;xoffset;X Offset;${xoffset}]\n\t\tfield[1.2,0.5;1,1;yoffset;Y Offset;${yoffset}]\n\t\tfield[2.2,0.5;1,1;zoffset;Z Offset;${zoffset}]\n\t\tbutton_exit[6.1,0.2;2,1;save;Save]\n\t\tlabel[4,0.5;Item]\n\t\tlist[context;main;5,0.2;1,1;]\n\t\tlist[current_player;main;0,1.5;8,4;]\n\t\tlistring[]\n\t","xoffset":"0","yoffset":"2","zoffset":"0"},"inventory":{"main":["super_sam:coin"]}},"(6,9,5)":{"fields":{"formspec":"\t\tsize[8,5.5;]\n\t\tfield[0.2,0.5;1,1;xoffset;X Offset;${xoffset}]\n\t\tfield[1.2,0.5;1,1;yoffset;Y Offset;${yoffset}]\n\t\tfield[2.2,0.5;1,1;zoffset;Z Offset;${zoffset}]\n\t\tbutton_exit[6.1,0.2;2,1;save;Save]\n\t\tlabel[4,0.5;Item]\n\t\tlist[context;main;5,0.2;1,1;]\n\t\tlist[current_player;main;0,1.5;8,4;]\n\t\tlistring[]\n\t","xoffset":"0","yoffset":"2","zoffset":"0"},"inventory":{"main":["super_sam:coin"]}},"(8,9,5)":{"fields":{"formspec":"\t\tsize[8,5.5;]\n\t\tfield[0.2,0.5;1,1;xoffset;X Offset;${xoffset}]\n\t\tfield[1.2,0.5;1,1;yoffset;Y Offset;${yoffset}]\n\t\tfield[2.2,0.5;1,1;zoffset;Z Offset;${zoffset}]\n\t\tbutton_exit[6.1,0.2;2,1;save;Save]\n\t\tlabel[4,0.5;Item]\n\t\tlist[context;main;5,0.2;1,1;]\n\t\tlist[current_player;main;0,1.5;8,4;]\n\t\tlistring[]\n\t","xoffset":"0","yoffset":"2","zoffset":"0"},"inventory":{"main":["super_sam:time_bonus"]}}},"timers":null}}