{"(0,2,2)":{"meta":{"(7,4,12)":{"fields":{"formspec":"\t\tsize[8,7.5;]\n\t\tfield[0.2,0.5;1,1;xoffset;X Offset;${xoffset}]\n\t\tfield[1.2,0.5;1,1;yoffset;Y Offset;${yoffset}]\n\t\tfield[2.2,0.5;1,1;zoffset;Z Offset;${zoffset}]\n\t\tfield[3.2,0.5;1,1;interval;Interval;${interval}]\n\t\tbutton_exit[6.1,0.2;2,1;save;Save]\n\t\tlabel[4,0.5;Item]\n\t\tlist[context;main;5,0.2;1,1;]\n\n\t\tfield[0.2,1.5;1,1;xvel;X Speed;${xvel}]\n\t\tfield[1.2,1.5;1,1;yvel;Y Speed;${yvel}]\n\t\tfield[2.2,1.5;1,1;zvel;Z Speed;${zvel}]\n\n\t\tfield[0.2,2.5;1,1;xsize;X Size;${xsize}]\n\t\tfield[1.2,2.5;1,1;ysize;Y Size;${ysize}]\n\t\tfield[2.2,2.5;1,1;zsize;Z Size;${zsize}]\n\n\t\tlist[current_player;main;0,3.5;8,4;]\n\t\tlistring[]\n\t","interval":"5","xoffset":"0","xsize":"2.9","xvel":"0","yoffset":"1","ysize":"0.9","yvel":"0","zoffset":"0","zsize":"2.9","zvel":"-2"},"inventory":{"main":["super_sam:obsidian_block"]}}},"timers":{"(7,4,12)":{"elapsed":0.0,"timeout":5.0}}},"(1,2,1)":{"meta":{"(15,5,8)":{"fields":{"formspec":"\t\tsize[8,7.5;]\n\t\tfield[0.2,0.5;1,1;xoffset;X Offset;${xoffset}]\n\t\tfield[1.2,0.5;1,1;yoffset;Y Offset;${yoffset}]\n\t\tfield[2.2,0.5;1,1;zoffset;Z Offset;${zoffset}]\n\t\tfield[3.2,0.5;1,1;interval;Interval;${interval}]\n\t\tbutton_exit[6.1,0.2;2,1;save;Save]\n\t\tlabel[4,0.5;Item]\n\t\tlist[context;main;5,0.2;1,1;]\n\n\t\tfield[0.2,1.5;1,1;xvel;X Speed;${xvel}]\n\t\tfield[1.2,1.5;1,1;yvel;Y Speed;${yvel}]\n\t\tfield[2.2,1.5;1,1;zvel;Z Speed;${zvel}]\n\n\t\tfield[0.2,2.5;1,1;xsize;X Size;${xsize}]\n\t\tfield[1.2,2.5;1,1;ysize;Y Size;${ysize}]\n\t\tfield[2.2,2.5;1,1;zsize;Z Size;${zsize}]\n\n\t\tlist[current_player;main;0,3.5;8,4;]\n\t\tlistring[]\n\t","interval":"5","xoffset":"0","xsize":"2.9","xvel":"0","yoffset":"1","ysize":"0.9","yvel":"0","zoffset":"0","zsize":"2.9","zvel":"2"},"inventory":{"main":["super_sam:obsidian_block"]}}},"timers":{"(15,5,8)":{"elapsed":0.0,"timeout":5.0}}},"(2,2,2)":{"meta":{"(9,7,11)":{"fields":{"name":"My level","time":"120","xminus":"0","xplus":"0","yminus":"0","yplus":"0","zminus":"0","zplus":"0"},"inventory":null}},"timers":null},"(3,4,1)":{"meta":{"(6,0,14)":{"fields":{"name":"My level","time":"120","xminus":"0","xplus":"0","yminus":"0","yplus":"0","zminus":"0","zplus":"0"},"inventory":null}},"timers":null}}