{"(4,2,1)":{"meta":{"(0,10,12)":{"fields":{"infotext":"tube up straight","name":"tube up straight","pos1":"(1,-9,-9)","pos2":"(9,-1,-1)"},"inventory":null},"(0,10,2)":{"fields":{"infotext":"tube up straight","name":"tube up straight","pos1":"(1,-9,1)","pos2":"(9,-1,9)"},"inventory":null},"(10,10,12)":{"fields":{"infotext":"tube up straight","name":"tube up straight","pos1":"(-9,-9,-9)","pos2":"(-1,-1,-1)"},"inventory":null},"(10,10,2)":{"fields":{"infotext":"tube up straight","name":"tube up straight","pos1":"(-9,-9,1)","pos2":"(-1,-1,9)"},"inventory":null}},"timers":null}}