{"(4,2,1)":{"meta":{"(0,11,13)":{"fields":{"category":"Tubes","id":"ac5c45","infotext":"Handle, Name: 'Tube upright straight ' Category: 'Tubes' Id: 'ac5c45'","name":"Tube upright straight ","pos1":"(1,-10,-10)","pos2":"(10,-1,-1)"},"inventory":null},"(0,11,2)":{"fields":{"category":"Tubes","id":"ac5c45","infotext":"Handle, Name: 'Tube upright straight ' Category: 'Tubes' Id: 'ac5c45'","name":"Tube upright straight ","pos1":"(1,-10,1)","pos2":"(10,-1,10)"},"inventory":null},"(0,12,13)":{"fields":{"category":"Tubes","id":"15cf5b","infotext":"Handle, Name: 'Tube top end' Category: 'Tubes' Id: '15cf5b'","name":"Tube top end","pos1":"(1,1,-10)","pos2":"(10,10,-1)"},"inventory":null},"(0,12,2)":{"fields":{"category":"Tubes","id":"15cf5b","infotext":"Handle, Name: 'Tube top end' Category: 'Tubes' Id: '15cf5b'","name":"Tube top end","pos1":"(1,1,1)","pos2":"(10,10,10)"},"inventory":null},"(11,11,13)":{"fields":{"category":"Tubes","id":"ac5c45","infotext":"Handle, Name: 'Tube upright straight ' Category: 'Tubes' Id: 'ac5c45'","name":"Tube upright straight ","pos1":"(-10,-10,-10)","pos2":"(-1,-1,-1)"},"inventory":null},"(11,11,2)":{"fields":{"category":"Tubes","id":"ac5c45","infotext":"Handle, Name: 'Tube upright straight ' Category: 'Tubes' Id: 'ac5c45'","name":"Tube upright straight ","pos1":"(-10,-10,1)","pos2":"(-1,-1,10)"},"inventory":null},"(11,12,13)":{"fields":{"category":"Tubes","id":"15cf5b","infotext":"Handle, Name: 'Tube top end' Category: 'Tubes' Id: '15cf5b'","name":"Tube top end","pos1":"(-10,1,-10)","pos2":"(-1,10,-1)"},"inventory":null},"(11,12,2)":{"fields":{"category":"Tubes","id":"15cf5b","infotext":"Handle, Name: 'Tube top end' Category: 'Tubes' Id: '15cf5b'","name":"Tube top end","pos1":"(-10,1,1)","pos2":"(-1,10,10)"},"inventory":null}},"timers":null},"(4,3,1)":{"meta":{"(0,7,13)":{"fields":{"category":"Tubes","id":"15cf5b","infotext":"Handle, Name: 'Tube top end' Category: 'Tubes' Id: '15cf5b'","name":"Tube top end","pos1":"(1,-10,-10)","pos2":"(10,-1,-1)"},"inventory":null},"(0,7,2)":{"fields":{"category":"Tubes","id":"15cf5b","infotext":"Handle, Name: 'Tube top end' Category: 'Tubes' Id: '15cf5b'","name":"Tube top end","pos1":"(1,-10,1)","pos2":"(10,-1,10)"},"inventory":null},"(11,7,13)":{"fields":{"category":"Tubes","id":"15cf5b","infotext":"Handle, Name: 'Tube top end' Category: 'Tubes' Id: '15cf5b'","name":"Tube top end","pos1":"(-10,-10,-10)","pos2":"(-1,-1,-1)"},"inventory":null},"(11,7,2)":{"fields":{"category":"Tubes","id":"15cf5b","infotext":"Handle, Name: 'Tube top end' Category: 'Tubes' Id: '15cf5b'","name":"Tube top end","pos1":"(-10,-10,1)","pos2":"(-1,-1,10)"},"inventory":null}},"timers":null}}