{"(2,2,1)":{"meta":{"(0,2,8)":{"fields":{"infotext":"\u001b(T@travelnet)Station '\u001bFs05\u001bE' on network '\u001bFnet1\u001bE' (owned by \u001bFsingleplayer\u001bE) ready for usage.\u001bE","owner":"singleplayer","station_name":"s05","station_network":"net1","timestamp":"1685728026"},"inventory":null},"(4,0,12)":{"fields":{"lookdir":"+x","name":"s05","time":"240","xminus":"4","xplus":"88","yminus":"1","yplus":"13","zminus":"11","zplus":"19"},"inventory":null}},"timers":null},"(4,2,0)":{"meta":{"(6,5,15)":{"fields":{"formspec":"\t\tsize[8,7.5;]\n\t\tfield[0.2,0.5;1,1;xoffset;X Offset;${xoffset}]\n\t\tfield[1.2,0.5;1,1;yoffset;Y Offset;${yoffset}]\n\t\tfield[2.2,0.5;1,1;zoffset;Z Offset;${zoffset}]\n\t\tfield[3.2,0.5;1,1;interval;Interval;${interval}]\n\t\tbutton_exit[6.1,0.2;2,1;save;Save]\n\t\tlabel[4,0.5;Item]\n\t\tlist[context;main;5,0.2;1,1;]\n\n\t\tfield[0.2,1.5;1,1;xvel;X Speed;${xvel}]\n\t\tfield[1.2,1.5;1,1;yvel;Y Speed;${yvel}]\n\t\tfield[2.2,1.5;1,1;zvel;Z Speed;${zvel}]\n\n\t\tfield[0.2,2.5;1,1;xsize;X Size;${xsize}]\n\t\tfield[1.2,2.5;1,1;ysize;Y Size;${ysize}]\n\t\tfield[2.2,2.5;1,1;zsize;Z Size;${zsize}]\n\n\t\tlist[current_player;main;0,3.5;8,4;]\n\t\tlistring[]\n\t","interval":"5","xoffset":"0","xsize":"2.9","xvel":"0","yoffset":"1","ysize":"0.9","yvel":"0","zoffset":"0","zsize":"2.9","zvel":"2"},"inventory":{"main":["super_sam:obsidian_block"]}}},"timers":{"(6,5,15)":{"elapsed":0.0,"timeout":5.0}}}}