{"(3,0,1)":{"meta":{"(10,2,8)":{"fields":{"formspec":"\t\tsize[8,7.5;]\n\t\tfield[0.2,0.5;1,1;xoffset;X Offset;${xoffset}]\n\t\tfield[1.2,0.5;1,1;yoffset;Y Offset;${yoffset}]\n\t\tfield[2.2,0.5;1,1;zoffset;Z Offset;${zoffset}]\n\t\tfield[3.2,0.5;1,1;interval;Interval;${interval}]\n\t\tbutton_exit[6.1,0.2;2,1;save;Save]\n\t\tlabel[4,0.5;Item]\n\t\tlist[context;main;5,0.2;1,1;]\n\n\t\tfield[0.2,1.5;1,1;xvel;X Speed;${xvel}]\n\t\tfield[1.2,1.5;1,1;yvel;Y Speed;${yvel}]\n\t\tfield[2.2,1.5;1,1;zvel;Z Speed;${zvel}]\n\n\t\tfield[0.2,2.5;1,1;xsize;X Size;${xsize}]\n\t\tfield[1.2,2.5;1,1;ysize;Y Size;${ysize}]\n\t\tfield[2.2,2.5;1,1;zsize;Z Size;${zsize}]\n\n\t\tlist[current_player;main;0,3.5;8,4;]\n\t\tlistring[]\n\t","interval":"5","xoffset":"0","xsize":"2.9","xvel":"0","yoffset":"1","ysize":"0.9","yvel":"0","zoffset":"0","zsize":"2.9","zvel":"2"},"inventory":{"main":["super_sam:obsidian_block"]}}},"timers":{"(10,2,8)":{"elapsed":0.0,"timeout":5.0}}},"(3,0,2)":{"meta":{"(9,4,11)":{"fields":{"highscore_name":"s05","tpx":"-12","tpy":"5","tpz":"1960"},"inventory":null}},"timers":null}}