{"(1,2,0)":{"meta":{"(13,7,2)":{"fields":{"highscore_name":"s02"},"inventory":null},"(9,5,4)":{"fields":{"absent_lvl":"s02","required_lvl":"s01","tpx":"-12","tpy":"0","tpz":"1012"},"inventory":null}},"timers":null},"(2,2,0)":{"meta":{"(9,5,4)":{"fields":{"required_lvl":"s02","tpx":"0","tpy":"0","tpz":"5002"},"inventory":null},"(9,7,6)":{"fields":{"highscore_name":"s04"},"inventory":null}},"timers":null},"(2,2,1)":{"meta":{"(3,7,15)":{"fields":{"highscore_name":"s01"},"inventory":null}},"timers":null},"(2,2,2)":{"meta":{"(0,5,0)":{"fields":{"absent_lvl":"s01e09","tpx":"23","tpy":"9","tpz":"20"},"inventory":null}},"timers":null}}