{"(0,2,0)":{"meta":{"(14,7,10)":{"fields":{"formspec":"        size[8,5.5;]\n        field[0.2,0.5;1,1;xoffset;X Offset;${xoffset}]\n        field[1.2,0.5;1,1;yoffset;Y Offset;${yoffset}]\n        field[2.2,0.5;1,1;zoffset;Z Offset;${zoffset}]\n        button_exit[6.1,0.2;2,1;save;Save]\n        label[4,0.5;Item]\n        list[context;main;5,0.2;1,1;]\n        list[current_player;main;0,1.5;8,4;]\n        listring[]\n    ","xoffset":"0","yoffset":"2","zoffset":"0"},"inventory":{"main":["super_sam:coin"]}},"(14,7,12)":{"fields":{"formspec":"        size[8,5.5;]\n        field[0.2,0.5;1,1;xoffset;X Offset;${xoffset}]\n        field[1.2,0.5;1,1;yoffset;Y Offset;${yoffset}]\n        field[2.2,0.5;1,1;zoffset;Z Offset;${zoffset}]\n        button_exit[6.1,0.2;2,1;save;Save]\n        label[4,0.5;Item]\n        list[context;main;5,0.2;1,1;]\n        list[current_player;main;0,1.5;8,4;]\n        listring[]\n    ","xoffset":"0","yoffset":"2","zoffset":"0"},"inventory":{"main":["super_sam:coin"]}},"(14,7,14)":{"fields":{"formspec":"        size[8,5.5;]\n        field[0.2,0.5;1,1;xoffset;X Offset;${xoffset}]\n        field[1.2,0.5;1,1;yoffset;Y Offset;${yoffset}]\n        field[2.2,0.5;1,1;zoffset;Z Offset;${zoffset}]\n        button_exit[6.1,0.2;2,1;save;Save]\n        label[4,0.5;Item]\n        list[context;main;5,0.2;1,1;]\n        list[current_player;main;0,1.5;8,4;]\n        listring[]\n    ","xoffset":"0","yoffset":"2","zoffset":"0"},"inventory":{"main":["super_sam:coin"]}},"(9,10,1)":{"fields":{"formspec":"        size[8,5.5;]\n        field[0.2,0.5;1,1;xoffset;X Offset;${xoffset}]\n        field[1.2,0.5;1,1;yoffset;Y Offset;${yoffset}]\n        field[2.2,0.5;1,1;zoffset;Z Offset;${zoffset}]\n        button_exit[6.1,0.2;2,1;save;Save]\n        label[4,0.5;Item]\n        list[context;main;5,0.2;1,1;]\n        list[current_player;main;0,1.5;8,4;]\n        listring[]\n    ","xoffset":"0","yoffset":"2","zoffset":"0"},"inventory":{"main":["super_sam:coin"]}}},"timers":null},"(0,2,1)":{"meta":{"(13,15,3)":{"fields":{"formspec":"        size[8,5.5;]\n        field[0.2,0.5;1,1;xoffset;X Offset;${xoffset}]\n        field[1.2,0.5;1,1;yoffset;Y Offset;${yoffset}]\n        field[2.2,0.5;1,1;zoffset;Z Offset;${zoffset}]\n        button_exit[6.1,0.2;2,1;save;Save]\n        label[4,0.5;Item]\n        list[context;main;5,0.2;1,1;]\n        list[current_player;main;0,1.5;8,4;]\n        listring[]\n    ","xoffset":"0","yoffset":"2","zoffset":"0"},"inventory":{"main":["super_sam:coin"]}},"(14,10,15)":{"fields":{"formspec":"        size[8,5.5;]\n        field[0.2,0.5;1,1;xoffset;X Offset;${xoffset}]\n        field[1.2,0.5;1,1;yoffset;Y Offset;${yoffset}]\n        field[2.2,0.5;1,1;zoffset;Z Offset;${zoffset}]\n        button_exit[6.1,0.2;2,1;save;Save]\n        label[4,0.5;Item]\n        list[context;main;5,0.2;1,1;]\n        list[current_player;main;0,1.5;8,4;]\n        listring[]\n    ","xoffset":"0","yoffset":"2","zoffset":"0"},"inventory":{"main":["super_sam:coin"]}}},"timers":null},"(0,3,0)":{"meta":{"(14,7,6)":{"fields":{"formspec":"        size[8,5.5;]\n        field[0.2,0.5;1,1;xoffset;X Offset;${xoffset}]\n        field[1.2,0.5;1,1;yoffset;Y Offset;${yoffset}]\n        field[2.2,0.5;1,1;zoffset;Z Offset;${zoffset}]\n        button_exit[6.1,0.2;2,1;save;Save]\n        label[4,0.5;Item]\n        list[context;main;5,0.2;1,1;]\n        list[current_player;main;0,1.5;8,4;]\n        listring[]\n    ","xoffset":"0","yoffset":"2","zoffset":"0"},"inventory":{"main":["super_sam:coin"]}},"(9,10,1)":{"fields":{"formspec":"        size[8,5.5;]\n        field[0.2,0.5;1,1;xoffset;X Offset;${xoffset}]\n        field[1.2,0.5;1,1;yoffset;Y Offset;${yoffset}]\n        field[2.2,0.5;1,1;zoffset;Z Offset;${zoffset}]\n        button_exit[6.1,0.2;2,1;save;Save]\n        label[4,0.5;Item]\n        list[context;main;5,0.2;1,1;]\n        list[current_player;main;0,1.5;8,4;]\n        listring[]\n    ","xoffset":"0","yoffset":"2","zoffset":"0"},"inventory":{"main":["super_sam:coin"]}}},"timers":null},"(0,3,1)":{"meta":{"(10,1,6)":{"fields":{"formspec":"        size[8,5.5;]\n        field[0.2,0.5;1,1;xoffset;X Offset;${xoffset}]\n        field[1.2,0.5;1,1;yoffset;Y Offset;${yoffset}]\n        field[2.2,0.5;1,1;zoffset;Z Offset;${zoffset}]\n        button_exit[6.1,0.2;2,1;save;Save]\n        label[4,0.5;Item]\n        list[context;main;5,0.2;1,1;]\n        list[current_player;main;0,1.5;8,4;]\n        listring[]\n    ","xoffset":"0","yoffset":"2","zoffset":"0"},"inventory":{"main":["super_sam:coin"]}},"(11,3,13)":{"fields":{"formspec":"        size[8,5.5;]\n        field[0.2,0.5;1,1;xoffset;X Offset;${xoffset}]\n        field[1.2,0.5;1,1;yoffset;Y Offset;${yoffset}]\n        field[2.2,0.5;1,1;zoffset;Z Offset;${zoffset}]\n        button_exit[6.1,0.2;2,1;save;Save]\n        label[4,0.5;Item]\n        list[context;main;5,0.2;1,1;]\n        list[current_player;main;0,1.5;8,4;]\n        listring[]\n    ","xoffset":"0","yoffset":"2","zoffset":"0"},"inventory":{"main":["super_sam:coin"]}},"(12,11,14)":{"fields":{"formspec":"        size[8,5.5;]\n        field[0.2,0.5;1,1;xoffset;X Offset;${xoffset}]\n        field[1.2,0.5;1,1;yoffset;Y Offset;${yoffset}]\n        field[2.2,0.5;1,1;zoffset;Z Offset;${zoffset}]\n        button_exit[6.1,0.2;2,1;save;Save]\n        label[4,0.5;Item]\n        list[context;main;5,0.2;1,1;]\n        list[current_player;main;0,1.5;8,4;]\n        listring[]\n    ","xoffset":"0","yoffset":"2","zoffset":"0"},"inventory":{"main":["super_sam:coin"]}},"(12,8,4)":{"fields":{"formspec":"        size[8,5.5;]\n        field[0.2,0.5;1,1;xoffset;X Offset;${xoffset}]\n        field[1.2,0.5;1,1;yoffset;Y Offset;${yoffset}]\n        field[2.2,0.5;1,1;zoffset;Z Offset;${zoffset}]\n        button_exit[6.1,0.2;2,1;save;Save]\n        label[4,0.5;Item]\n        list[context;main;5,0.2;1,1;]\n        list[current_player;main;0,1.5;8,4;]\n        listring[]\n    ","xoffset":"0","yoffset":"2","zoffset":"0"},"inventory":{"main":["super_sam:coin"]}},"(8,1,9)":{"fields":{"formspec":"        size[8,5.5;]\n        field[0.2,0.5;1,1;xoffset;X Offset;${xoffset}]\n        field[1.2,0.5;1,1;yoffset;Y Offset;${yoffset}]\n        field[2.2,0.5;1,1;zoffset;Z Offset;${zoffset}]\n        button_exit[6.1,0.2;2,1;save;Save]\n        label[4,0.5;Item]\n        list[context;main;5,0.2;1,1;]\n        list[current_player;main;0,1.5;8,4;]\n        listring[]\n    ","xoffset":"0","yoffset":"2","zoffset":"0"},"inventory":{"main":["super_sam:coin"]}},"(8,9,9)":{"fields":{"formspec":"        size[8,5.5;]\n        field[0.2,0.5;1,1;xoffset;X Offset;${xoffset}]\n        field[1.2,0.5;1,1;yoffset;Y Offset;${yoffset}]\n        field[2.2,0.5;1,1;zoffset;Z Offset;${zoffset}]\n        button_exit[6.1,0.2;2,1;save;Save]\n        label[4,0.5;Item]\n        list[context;main;5,0.2;1,1;]\n        list[current_player;main;0,1.5;8,4;]\n        listring[]\n    ","xoffset":"0","yoffset":"2","zoffset":"0"},"inventory":{"main":["super_sam:coin"]}}},"timers":null},"(1,1,0)":{"meta":{"(14,14,1)":{"fields":{"formspec":"        size[8,5.5;]\n        field[0.2,0.5;1,1;xoffset;X Offset;${xoffset}]\n        field[1.2,0.5;1,1;yoffset;Y Offset;${yoffset}]\n        field[2.2,0.5;1,1;zoffset;Z Offset;${zoffset}]\n        button_exit[6.1,0.2;2,1;save;Save]\n        label[4,0.5;Item]\n        list[context;main;5,0.2;1,1;]\n        list[current_player;main;0,1.5;8,4;]\n        listring[]\n    ","xoffset":"-1","yoffset":"0","zoffset":"0"},"inventory":{"main":["super_sam:coin"]}},"(14,14,13)":{"fields":{"formspec":"        size[8,5.5;]\n        field[0.2,0.5;1,1;xoffset;X Offset;${xoffset}]\n        field[1.2,0.5;1,1;yoffset;Y Offset;${yoffset}]\n        field[2.2,0.5;1,1;zoffset;Z Offset;${zoffset}]\n        button_exit[6.1,0.2;2,1;save;Save]\n        label[4,0.5;Item]\n        list[context;main;5,0.2;1,1;]\n        list[current_player;main;0,1.5;8,4;]\n        listring[]\n    ","xoffset":"-1","yoffset":"0","zoffset":"0"},"inventory":{"main":["super_sam:coin"]}},"(14,14,7)":{"fields":{"formspec":"        size[8,5.5;]\n        field[0.2,0.5;1,1;xoffset;X Offset;${xoffset}]\n        field[1.2,0.5;1,1;yoffset;Y Offset;${yoffset}]\n        field[2.2,0.5;1,1;zoffset;Z Offset;${zoffset}]\n        button_exit[6.1,0.2;2,1;save;Save]\n        label[4,0.5;Item]\n        list[context;main;5,0.2;1,1;]\n        list[current_player;main;0,1.5;8,4;]\n        listring[]\n    ","xoffset":"-1","yoffset":"0","zoffset":"0"},"inventory":{"main":["super_sam:coin"]}},"(7,14,1)":{"fields":{"formspec":"        size[8,5.5;]\n        field[0.2,0.5;1,1;xoffset;X Offset;${xoffset}]\n        field[1.2,0.5;1,1;yoffset;Y Offset;${yoffset}]\n        field[2.2,0.5;1,1;zoffset;Z Offset;${zoffset}]\n        button_exit[6.1,0.2;2,1;save;Save]\n        label[4,0.5;Item]\n        list[context;main;5,0.2;1,1;]\n        list[current_player;main;0,1.5;8,4;]\n        listring[]\n    ","xoffset":"1","yoffset":"0","zoffset":"0"},"inventory":{"main":["super_sam:coin"]}},"(7,14,13)":{"fields":{"formspec":"        size[8,5.5;]\n        field[0.2,0.5;1,1;xoffset;X Offset;${xoffset}]\n        field[1.2,0.5;1,1;yoffset;Y Offset;${yoffset}]\n        field[2.2,0.5;1,1;zoffset;Z Offset;${zoffset}]\n        button_exit[6.1,0.2;2,1;save;Save]\n        label[4,0.5;Item]\n        list[context;main;5,0.2;1,1;]\n        list[current_player;main;0,1.5;8,4;]\n        listring[]\n    ","xoffset":"1","yoffset":"0","zoffset":"0"},"inventory":{"main":["super_sam:coin"]}},"(7,14,7)":{"fields":{"formspec":"        size[8,5.5;]\n        field[0.2,0.5;1,1;xoffset;X Offset;${xoffset}]\n        field[1.2,0.5;1,1;yoffset;Y Offset;${yoffset}]\n        field[2.2,0.5;1,1;zoffset;Z Offset;${zoffset}]\n        button_exit[6.1,0.2;2,1;save;Save]\n        label[4,0.5;Item]\n        list[context;main;5,0.2;1,1;]\n        list[current_player;main;0,1.5;8,4;]\n        listring[]\n    ","xoffset":"1","yoffset":"0","zoffset":"0"},"inventory":{"main":["super_sam:coin"]}}},"timers":null},"(1,1,1)":{"meta":{"(14,14,15)":{"fields":{"formspec":"        size[8,5.5;]\n        field[0.2,0.5;1,1;xoffset;X Offset;${xoffset}]\n        field[1.2,0.5;1,1;yoffset;Y Offset;${yoffset}]\n        field[2.2,0.5;1,1;zoffset;Z Offset;${zoffset}]\n        button_exit[6.1,0.2;2,1;save;Save]\n        label[4,0.5;Item]\n        list[context;main;5,0.2;1,1;]\n        list[current_player;main;0,1.5;8,4;]\n        listring[]\n    ","xoffset":"-1","yoffset":"0","zoffset":"0"},"inventory":{"main":["super_sam:coin"]}},"(14,14,3)":{"fields":{"formspec":"        size[8,5.5;]\n        field[0.2,0.5;1,1;xoffset;X Offset;${xoffset}]\n        field[1.2,0.5;1,1;yoffset;Y Offset;${yoffset}]\n        field[2.2,0.5;1,1;zoffset;Z Offset;${zoffset}]\n        button_exit[6.1,0.2;2,1;save;Save]\n        label[4,0.5;Item]\n        list[context;main;5,0.2;1,1;]\n        list[current_player;main;0,1.5;8,4;]\n        listring[]\n    ","xoffset":"-1","yoffset":"0","zoffset":"0"},"inventory":{"main":["super_sam:coin"]}},"(7,14,15)":{"fields":{"formspec":"        size[8,5.5;]\n        field[0.2,0.5;1,1;xoffset;X Offset;${xoffset}]\n        field[1.2,0.5;1,1;yoffset;Y Offset;${yoffset}]\n        field[2.2,0.5;1,1;zoffset;Z Offset;${zoffset}]\n        button_exit[6.1,0.2;2,1;save;Save]\n        label[4,0.5;Item]\n        list[context;main;5,0.2;1,1;]\n        list[current_player;main;0,1.5;8,4;]\n        listring[]\n    ","xoffset":"1","yoffset":"0","zoffset":"0"},"inventory":{"main":["super_sam:coin"]}},"(7,14,3)":{"fields":{"formspec":"        size[8,5.5;]\n        field[0.2,0.5;1,1;xoffset;X Offset;${xoffset}]\n        field[1.2,0.5;1,1;yoffset;Y Offset;${yoffset}]\n        field[2.2,0.5;1,1;zoffset;Z Offset;${zoffset}]\n        button_exit[6.1,0.2;2,1;save;Save]\n        label[4,0.5;Item]\n        list[context;main;5,0.2;1,1;]\n        list[current_player;main;0,1.5;8,4;]\n        listring[]\n    ","xoffset":"1","yoffset":"0","zoffset":"0"},"inventory":{"main":["super_sam:coin"]}}},"timers":null},"(1,1,2)":{"meta":{"(14,14,5)":{"fields":{"formspec":"        size[8,5.5;]\n        field[0.2,0.5;1,1;xoffset;X Offset;${xoffset}]\n        field[1.2,0.5;1,1;yoffset;Y Offset;${yoffset}]\n        field[2.2,0.5;1,1;zoffset;Z Offset;${zoffset}]\n        button_exit[6.1,0.2;2,1;save;Save]\n        label[4,0.5;Item]\n        list[context;main;5,0.2;1,1;]\n        list[current_player;main;0,1.5;8,4;]\n        listring[]\n    ","xoffset":"-1","yoffset":"0","zoffset":"0"},"inventory":{"main":["super_sam:coin"]}},"(7,14,5)":{"fields":{"formspec":"        size[8,5.5;]\n        field[0.2,0.5;1,1;xoffset;X Offset;${xoffset}]\n        field[1.2,0.5;1,1;yoffset;Y Offset;${yoffset}]\n        field[2.2,0.5;1,1;zoffset;Z Offset;${zoffset}]\n        button_exit[6.1,0.2;2,1;save;Save]\n        label[4,0.5;Item]\n        list[context;main;5,0.2;1,1;]\n        list[current_player;main;0,1.5;8,4;]\n        listring[]\n    ","xoffset":"1","yoffset":"0","zoffset":"0"},"inventory":{"main":["super_sam:coin"]}}},"timers":null},"(1,2,1)":{"meta":{"(0,15,4)":{"fields":{"formspec":"        size[8,5.5;]\n        field[0.2,0.5;1,1;xoffset;X Offset;${xoffset}]\n        field[1.2,0.5;1,1;yoffset;Y Offset;${yoffset}]\n        field[2.2,0.5;1,1;zoffset;Z Offset;${zoffset}]\n        button_exit[6.1,0.2;2,1;save;Save]\n        label[4,0.5;Item]\n        list[context;main;5,0.2;1,1;]\n        list[current_player;main;0,1.5;8,4;]\n        listring[]\n    ","xoffset":"0","yoffset":"2","zoffset":"0"},"inventory":{"main":["super_sam:coin"]}},"(4,13,9)":{"fields":{"formspec":"        size[8,5.5;]\n        field[0.2,0.5;1,1;xoffset;X Offset;${xoffset}]\n        field[1.2,0.5;1,1;yoffset;Y Offset;${yoffset}]\n        field[2.2,0.5;1,1;zoffset;Z Offset;${zoffset}]\n        button_exit[6.1,0.2;2,1;save;Save]\n        label[4,0.5;Item]\n        list[context;main;5,0.2;1,1;]\n        list[current_player;main;0,1.5;8,4;]\n        listring[]\n    ","xoffset":"0","yoffset":"2","zoffset":"0"},"inventory":{"main":["super_sam:coin"]}}},"timers":null},"(1,3,0)":{"meta":{"(10,15,1)":{"fields":{"formspec":"        size[8,5.5;]\n        field[0.2,0.5;1,1;xoffset;X Offset;${xoffset}]\n        field[1.2,0.5;1,1;yoffset;Y Offset;${yoffset}]\n        field[2.2,0.5;1,1;zoffset;Z Offset;${zoffset}]\n        button_exit[6.1,0.2;2,1;save;Save]\n        label[4,0.5;Item]\n        list[context;main;5,0.2;1,1;]\n        list[current_player;main;0,1.5;8,4;]\n        listring[]\n    ","xoffset":"0","yoffset":"2","zoffset":"0"},"inventory":{"main":["super_sam:coin"]}},"(12,15,1)":{"fields":{"formspec":"        size[8,5.5;]\n        field[0.2,0.5;1,1;xoffset;X Offset;${xoffset}]\n        field[1.2,0.5;1,1;yoffset;Y Offset;${yoffset}]\n        field[2.2,0.5;1,1;zoffset;Z Offset;${zoffset}]\n        button_exit[6.1,0.2;2,1;save;Save]\n        label[4,0.5;Item]\n        list[context;main;5,0.2;1,1;]\n        list[current_player;main;0,1.5;8,4;]\n        listring[]\n    ","xoffset":"0","yoffset":"2","zoffset":"0"},"inventory":{"main":["super_sam:coin"]}},"(14,15,1)":{"fields":{"formspec":"        size[8,5.5;]\n        field[0.2,0.5;1,1;xoffset;X Offset;${xoffset}]\n        field[1.2,0.5;1,1;yoffset;Y Offset;${yoffset}]\n        field[2.2,0.5;1,1;zoffset;Z Offset;${zoffset}]\n        button_exit[6.1,0.2;2,1;save;Save]\n        label[4,0.5;Item]\n        list[context;main;5,0.2;1,1;]\n        list[current_player;main;0,1.5;8,4;]\n        listring[]\n    ","xoffset":"0","yoffset":"2","zoffset":"0"},"inventory":{"main":["super_sam:coin"]}},"(3,3,1)":{"fields":{"formspec":"        size[8,5.5;]\n        field[0.2,0.5;1,1;xoffset;X Offset;${xoffset}]\n        field[1.2,0.5;1,1;yoffset;Y Offset;${yoffset}]\n        field[2.2,0.5;1,1;zoffset;Z Offset;${zoffset}]\n        button_exit[6.1,0.2;2,1;save;Save]\n        label[4,0.5;Item]\n        list[context;main;5,0.2;1,1;]\n        list[current_player;main;0,1.5;8,4;]\n        listring[]\n    ","xoffset":"0","yoffset":"2","zoffset":"0"},"inventory":{"main":["super_sam:coin"]}},"(8,15,1)":{"fields":{"formspec":"        size[8,5.5;]\n        field[0.2,0.5;1,1;xoffset;X Offset;${xoffset}]\n        field[1.2,0.5;1,1;yoffset;Y Offset;${yoffset}]\n        field[2.2,0.5;1,1;zoffset;Z Offset;${zoffset}]\n        button_exit[6.1,0.2;2,1;save;Save]\n        label[4,0.5;Item]\n        list[context;main;5,0.2;1,1;]\n        list[current_player;main;0,1.5;8,4;]\n        listring[]\n    ","xoffset":"0","yoffset":"2","zoffset":"0"},"inventory":{"main":["super_sam:coin"]}}},"timers":null},"(1,3,1)":{"meta":{"(0,12,14)":{"fields":{"formspec":"        size[8,5.5;]\n        field[0.2,0.5;1,1;xoffset;X Offset;${xoffset}]\n        field[1.2,0.5;1,1;yoffset;Y Offset;${yoffset}]\n        field[2.2,0.5;1,1;zoffset;Z Offset;${zoffset}]\n        button_exit[6.1,0.2;2,1;save;Save]\n        label[4,0.5;Item]\n        list[context;main;5,0.2;1,1;]\n        list[current_player;main;0,1.5;8,4;]\n        listring[]\n    ","xoffset":"0","yoffset":"2","zoffset":"0"},"inventory":{"main":["super_sam:coin"]}},"(1,4,13)":{"fields":{"formspec":"        size[8,5.5;]\n        field[0.2,0.5;1,1;xoffset;X Offset;${xoffset}]\n        field[1.2,0.5;1,1;yoffset;Y Offset;${yoffset}]\n        field[2.2,0.5;1,1;zoffset;Z Offset;${zoffset}]\n        button_exit[6.1,0.2;2,1;save;Save]\n        label[4,0.5;Item]\n        list[context;main;5,0.2;1,1;]\n        list[current_player;main;0,1.5;8,4;]\n        listring[]\n    ","xoffset":"0","yoffset":"2","zoffset":"0"},"inventory":{"main":["super_sam:coin"]}},"(1,7,5)":{"fields":{"formspec":"        size[8,5.5;]\n        field[0.2,0.5;1,1;xoffset;X Offset;${xoffset}]\n        field[1.2,0.5;1,1;yoffset;Y Offset;${yoffset}]\n        field[2.2,0.5;1,1;zoffset;Z Offset;${zoffset}]\n        button_exit[6.1,0.2;2,1;save;Save]\n        label[4,0.5;Item]\n        list[context;main;5,0.2;1,1;]\n        list[current_player;main;0,1.5;8,4;]\n        listring[]\n    ","xoffset":"0","yoffset":"2","zoffset":"0"},"inventory":{"main":["super_sam:coin"]}},"(11,15,9)":{"fields":{"formspec":"        size[8,5.5;]\n        field[0.2,0.5;1,1;xoffset;X Offset;${xoffset}]\n        field[1.2,0.5;1,1;yoffset;Y Offset;${yoffset}]\n        field[2.2,0.5;1,1;zoffset;Z Offset;${zoffset}]\n        button_exit[6.1,0.2;2,1;save;Save]\n        label[4,0.5;Item]\n        list[context;main;5,0.2;1,1;]\n        list[current_player;main;0,1.5;8,4;]\n        listring[]\n    ","xoffset":"0","yoffset":"2","zoffset":"0"},"inventory":{"main":["super_sam:coin"]}},"(13,15,9)":{"fields":{"formspec":"        size[8,5.5;]\n        field[0.2,0.5;1,1;xoffset;X Offset;${xoffset}]\n        field[1.2,0.5;1,1;yoffset;Y Offset;${yoffset}]\n        field[2.2,0.5;1,1;zoffset;Z Offset;${zoffset}]\n        button_exit[6.1,0.2;2,1;save;Save]\n        label[4,0.5;Item]\n        list[context;main;5,0.2;1,1;]\n        list[current_player;main;0,1.5;8,4;]\n        listring[]\n    ","xoffset":"0","yoffset":"2","zoffset":"0"},"inventory":{"main":["super_sam:coin"]}},"(4,5,9)":{"fields":{"formspec":"        size[8,5.5;]\n        field[0.2,0.5;1,1;xoffset;X Offset;${xoffset}]\n        field[1.2,0.5;1,1;yoffset;Y Offset;${yoffset}]\n        field[2.2,0.5;1,1;zoffset;Z Offset;${zoffset}]\n        button_exit[6.1,0.2;2,1;save;Save]\n        label[4,0.5;Item]\n        list[context;main;5,0.2;1,1;]\n        list[current_player;main;0,1.5;8,4;]\n        listring[]\n    ","xoffset":"0","yoffset":"2","zoffset":"0"},"inventory":{"main":["super_sam:coin"]}},"(7,15,9)":{"fields":{"formspec":"        size[8,5.5;]\n        field[0.2,0.5;1,1;xoffset;X Offset;${xoffset}]\n        field[1.2,0.5;1,1;yoffset;Y Offset;${yoffset}]\n        field[2.2,0.5;1,1;zoffset;Z Offset;${zoffset}]\n        button_exit[6.1,0.2;2,1;save;Save]\n        label[4,0.5;Item]\n        list[context;main;5,0.2;1,1;]\n        list[current_player;main;0,1.5;8,4;]\n        listring[]\n    ","xoffset":"0","yoffset":"2","zoffset":"0"},"inventory":{"main":["super_sam:coin"]}},"(9,15,9)":{"fields":{"formspec":"        size[8,5.5;]\n        field[0.2,0.5;1,1;xoffset;X Offset;${xoffset}]\n        field[1.2,0.5;1,1;yoffset;Y Offset;${yoffset}]\n        field[2.2,0.5;1,1;zoffset;Z Offset;${zoffset}]\n        button_exit[6.1,0.2;2,1;save;Save]\n        label[4,0.5;Item]\n        list[context;main;5,0.2;1,1;]\n        list[current_player;main;0,1.5;8,4;]\n        listring[]\n    ","xoffset":"0","yoffset":"2","zoffset":"0"},"inventory":{"main":["super_sam:coin"]}}},"timers":null},"(2,2,1)":{"meta":{"(11,8,14)":{"fields":{"name":"s02e06","time":"300","tpx":"0","tpy":"0","tpz":"0","xminus":"46","xplus":"12","yminus":"1","yplus":"51","zminus":"44","zplus":"11"},"inventory":null}},"timers":null},"(2,3,0)":{"meta":{"(10,6,5)":{"fields":{"formspec":"        size[8,5.5;]\n        field[0.2,0.5;1,1;xoffset;X Offset;${xoffset}]\n        field[1.2,0.5;1,1;yoffset;Y Offset;${yoffset}]\n        field[2.2,0.5;1,1;zoffset;Z Offset;${zoffset}]\n        button_exit[6.1,0.2;2,1;save;Save]\n        label[4,0.5;Item]\n        list[context;main;5,0.2;1,1;]\n        list[current_player;main;0,1.5;8,4;]\n        listring[]\n    ","xoffset":"0","yoffset":"2","zoffset":"0"},"inventory":{"main":["super_sam:coin"]}},"(13,12,1)":{"fields":{"formspec":"        size[8,5.5;]\n        field[0.2,0.5;1,1;xoffset;X Offset;${xoffset}]\n        field[1.2,0.5;1,1;yoffset;Y Offset;${yoffset}]\n        field[2.2,0.5;1,1;zoffset;Z Offset;${zoffset}]\n        button_exit[6.1,0.2;2,1;save;Save]\n        label[4,0.5;Item]\n        list[context;main;5,0.2;1,1;]\n        list[current_player;main;0,1.5;8,4;]\n        listring[]\n    ","xoffset":"0","yoffset":"2","zoffset":"0"},"inventory":{"main":["super_sam:coin"]}},"(2,8,3)":{"fields":{"formspec":"        size[8,5.5;]\n        field[0.2,0.5;1,1;xoffset;X Offset;${xoffset}]\n        field[1.2,0.5;1,1;yoffset;Y Offset;${yoffset}]\n        field[2.2,0.5;1,1;zoffset;Z Offset;${zoffset}]\n        button_exit[6.1,0.2;2,1;save;Save]\n        label[4,0.5;Item]\n        list[context;main;5,0.2;1,1;]\n        list[current_player;main;0,1.5;8,4;]\n        listring[]\n    ","xoffset":"0","yoffset":"2","zoffset":"0"},"inventory":{"main":["super_sam:coin"]}},"(5,7,6)":{"fields":{"formspec":"        size[8,5.5;]\n        field[0.2,0.5;1,1;xoffset;X Offset;${xoffset}]\n        field[1.2,0.5;1,1;yoffset;Y Offset;${yoffset}]\n        field[2.2,0.5;1,1;zoffset;Z Offset;${zoffset}]\n        button_exit[6.1,0.2;2,1;save;Save]\n        label[4,0.5;Item]\n        list[context;main;5,0.2;1,1;]\n        list[current_player;main;0,1.5;8,4;]\n        listring[]\n    ","xoffset":"0","yoffset":"2","zoffset":"0"},"inventory":{"main":["super_sam:coin"]}},"(9,13,5)":{"fields":{"formspec":"        size[8,5.5;]\n        field[0.2,0.5;1,1;xoffset;X Offset;${xoffset}]\n        field[1.2,0.5;1,1;yoffset;Y Offset;${yoffset}]\n        field[2.2,0.5;1,1;zoffset;Z Offset;${zoffset}]\n        button_exit[6.1,0.2;2,1;save;Save]\n        label[4,0.5;Item]\n        list[context;main;5,0.2;1,1;]\n        list[current_player;main;0,1.5;8,4;]\n        listring[]\n    ","xoffset":"0","yoffset":"2","zoffset":"0"},"inventory":{"main":["super_sam:coin"]}}},"timers":null},"(2,4,1)":{"meta":{"(10,0,9)":{"fields":{"highscore_name":"s02","tpx":"-7","tpy":"5","tpz":"1972"},"inventory":null}},"timers":null}}