{"(0,2,3)":{"meta":{"(10,7,14)":{"fields":{"formspec":"        size[8,5.5;]\n        field[0.2,0.5;1,1;xoffset;X Offset;${xoffset}]\n        field[1.2,0.5;1,1;yoffset;Y Offset;${yoffset}]\n        field[2.2,0.5;1,1;zoffset;Z Offset;${zoffset}]\n        button_exit[6.1,0.2;2,1;save;Save]\n        label[4,0.5;Item]\n        list[context;main;5,0.2;1,1;]\n        list[current_player;main;0,1.5;8,4;]\n        listring[]\n    ","xoffset":"0","yoffset":"7","zoffset":"0"},"inventory":{"main":["super_sam:coin"]}},"(12,7,14)":{"fields":{"formspec":"        size[8,5.5;]\n        field[0.2,0.5;1,1;xoffset;X Offset;${xoffset}]\n        field[1.2,0.5;1,1;yoffset;Y Offset;${yoffset}]\n        field[2.2,0.5;1,1;zoffset;Z Offset;${zoffset}]\n        button_exit[6.1,0.2;2,1;save;Save]\n        label[4,0.5;Item]\n        list[context;main;5,0.2;1,1;]\n        list[current_player;main;0,1.5;8,4;]\n        listring[]\n    ","xoffset":"0","yoffset":"7","zoffset":"0"},"inventory":{"main":["super_sam:coin"]}},"(14,7,14)":{"fields":{"formspec":"        size[8,5.5;]\n        field[0.2,0.5;1,1;xoffset;X Offset;${xoffset}]\n        field[1.2,0.5;1,1;yoffset;Y Offset;${yoffset}]\n        field[2.2,0.5;1,1;zoffset;Z Offset;${zoffset}]\n        button_exit[6.1,0.2;2,1;save;Save]\n        label[4,0.5;Item]\n        list[context;main;5,0.2;1,1;]\n        list[current_player;main;0,1.5;8,4;]\n        listring[]\n    ","xoffset":"0","yoffset":"7","zoffset":"0"},"inventory":{"main":["super_sam:coin"]}},"(4,7,3)":{"fields":{"theme":"main","xminus":"41","xplus":"47","yminus":"15","yplus":"21","zminus":"21","zplus":"24"},"inventory":null},"(6,7,10)":{"fields":{"formspec":"        size[8,5.5;]\n        field[0.2,0.5;1,1;xoffset;X Offset;${xoffset}]\n        field[1.2,0.5;1,1;yoffset;Y Offset;${yoffset}]\n        field[2.2,0.5;1,1;zoffset;Z Offset;${zoffset}]\n        button_exit[6.1,0.2;2,1;save;Save]\n        label[4,0.5;Item]\n        list[context;main;5,0.2;1,1;]\n        list[current_player;main;0,1.5;8,4;]\n        listring[]\n    ","xoffset":"0","yoffset":"3","zoffset":"0"},"inventory":{"main":["super_sam:mushroom_1"]}}},"timers":null},"(1,2,2)":{"meta":{"(10,7,8)":{"fields":{"formspec":"        size[8,5.5;]\n        field[0.2,0.5;1,1;xoffset;X Offset;${xoffset}]\n        field[1.2,0.5;1,1;yoffset;Y Offset;${yoffset}]\n        field[2.2,0.5;1,1;zoffset;Z Offset;${zoffset}]\n        button_exit[6.1,0.2;2,1;save;Save]\n        label[4,0.5;Item]\n        list[context;main;5,0.2;1,1;]\n        list[current_player;main;0,1.5;8,4;]\n        listring[]\n    ","xoffset":"0","yoffset":"8","zoffset":"0"},"inventory":{"main":["super_sam:coin"]}},"(12,7,8)":{"fields":{"formspec":"        size[8,5.5;]\n        field[0.2,0.5;1,1;xoffset;X Offset;${xoffset}]\n        field[1.2,0.5;1,1;yoffset;Y Offset;${yoffset}]\n        field[2.2,0.5;1,1;zoffset;Z Offset;${zoffset}]\n        button_exit[6.1,0.2;2,1;save;Save]\n        label[4,0.5;Item]\n        list[context;main;5,0.2;1,1;]\n        list[current_player;main;0,1.5;8,4;]\n        listring[]\n    ","xoffset":"0","yoffset":"8","zoffset":"0"},"inventory":{"main":["super_sam:heart"]}},"(13,7,7)":{"fields":{"formspec":"        size[8,5.5;]\n        field[0.2,0.5;1,1;xoffset;X Offset;${xoffset}]\n        field[1.2,0.5;1,1;yoffset;Y Offset;${yoffset}]\n        field[2.2,0.5;1,1;zoffset;Z Offset;${zoffset}]\n        button_exit[6.1,0.2;2,1;save;Save]\n        label[4,0.5;Item]\n        list[context;main;5,0.2;1,1;]\n        list[current_player;main;0,1.5;8,4;]\n        listring[]\n    ","xoffset":"0","yoffset":"3","zoffset":"0"},"inventory":{"main":["super_sam:coin"]}},"(13,7,8)":{"fields":{"formspec":"        size[8,5.5;]\n        field[0.2,0.5;1,1;xoffset;X Offset;${xoffset}]\n        field[1.2,0.5;1,1;yoffset;Y Offset;${yoffset}]\n        field[2.2,0.5;1,1;zoffset;Z Offset;${zoffset}]\n        button_exit[6.1,0.2;2,1;save;Save]\n        label[4,0.5;Item]\n        list[context;main;5,0.2;1,1;]\n        list[current_player;main;0,1.5;8,4;]\n        listring[]\n    ","xoffset":"0","yoffset":"3","zoffset":"0"},"inventory":{"main":["super_sam:coin"]}},"(13,7,9)":{"fields":{"formspec":"        size[8,5.5;]\n        field[0.2,0.5;1,1;xoffset;X Offset;${xoffset}]\n        field[1.2,0.5;1,1;yoffset;Y Offset;${yoffset}]\n        field[2.2,0.5;1,1;zoffset;Z Offset;${zoffset}]\n        button_exit[6.1,0.2;2,1;save;Save]\n        label[4,0.5;Item]\n        list[context;main;5,0.2;1,1;]\n        list[current_player;main;0,1.5;8,4;]\n        listring[]\n    ","xoffset":"0","yoffset":"3","zoffset":"0"},"inventory":{"main":["super_sam:coin"]}},"(15,5,8)":{"fields":{"anz":"104","formspec":"size[11,10]label[0,0;\u001b(T@moreblocks)Input material\u001bE]list[current_name;input;1.7,0;1,1;]label[0,1;\u001b(T@moreblocks)Left-over\u001bE]list[current_name;micro;1.7,1;1,1;]label[0,2;\u001b(T@moreblocks)Recycle output\u001bE]list[current_name;recycle;1.7,2;1,1;]field[0.3,3.5;1,1;max_offered;\u001b(T@moreblocks)Max\u001bE:;${max_offered}]button[1,3.2;1.7,1;Set;\u001b(T@moreblocks)Set\u001bE]list[current_name;output;2.8,0;8,6;]list[current_player;main;1.5,6.25;8,4;]listring[current_name;output]listring[current_player;main]listring[current_name;input]listring[current_player;main]listring[current_name;micro]listring[current_player;main]listring[current_name;recycle]listring[current_player;main]","infotext":"\u001b(T@moreblocks)Circular Saw is working on \u001bFSuper sam 'stone' node\u001bE\u001bE (\u001b(T@moreblocks)owned by \u001bFsingleplayer\u001bE\u001bE)","max_offered":"99","owner":"singleplayer"},"inventory":{"input":["super_sam:stone 13"],"micro":[""],"output":["super_sam:micro_stone_1 99","super_sam:panel_stone_1 99","super_sam:micro_stone_2 99","super_sam:panel_stone_2 99","super_sam:micro_stone_4 99","super_sam:panel_stone_4 99","super_sam:micro_stone 99","super_sam:panel_stone 52","super_sam:micro_stone_12 52","super_sam:panel_stone_12 34","super_sam:micro_stone_14 52","super_sam:panel_stone_14 26","super_sam:micro_stone_15 52","super_sam:panel_stone_15 26","super_sam:stair_stone_outer 20","super_sam:stair_stone 17","super_sam:stair_stone_inner 14","super_sam:slab_stone_1 99","super_sam:slab_stone_2 99","super_sam:slab_stone_quarter 52","super_sam:slab_stone 26","super_sam:slab_stone_three_quarter 17","super_sam:slab_stone_14 14","super_sam:slab_stone_15 13","super_sam:slab_stone_two_sides 99","super_sam:slab_stone_three_sides 52","super_sam:slab_stone_three_sides_u 52","super_sam:stair_stone_half 34","super_sam:stair_stone_alt_1 99","super_sam:stair_stone_alt_2 99","super_sam:stair_stone_alt_4 52","super_sam:stair_stone_alt 26","super_sam:slope_stone 26","super_sam:slope_stone_half 52","super_sam:slope_stone_half_raised 17","super_sam:slope_stone_inner 14","super_sam:slope_stone_inner_half 34","super_sam:slope_stone_inner_half_raised 14","super_sam:slope_stone_inner_cut 14","super_sam:slope_stone_inner_cut_half 26","super_sam:slope_stone_inner_cut_half_raised 13","super_sam:slope_stone_outer 34","super_sam:slope_stone_outer_half 52","super_sam:slope_stone_outer_half_raised 17","super_sam:slope_stone_outer_cut 52","super_sam:slope_stone_outer_cut_half 99","super_sam:slope_stone_outer_cut_half_raised 34","super_sam:slope_stone_cut 26"],"recycle":[""]}},"(15,7,8)":{"fields":{"formspec":"        size[8,5.5;]\n        field[0.2,0.5;1,1;xoffset;X Offset;${xoffset}]\n        field[1.2,0.5;1,1;yoffset;Y Offset;${yoffset}]\n        field[2.2,0.5;1,1;zoffset;Z Offset;${zoffset}]\n        button_exit[6.1,0.2;2,1;save;Save]\n        label[4,0.5;Item]\n        list[context;main;5,0.2;1,1;]\n        list[current_player;main;0,1.5;8,4;]\n        listring[]\n    ","xoffset":"0","yoffset":"6","zoffset":"0"},"inventory":{"main":["super_sam:coin"]}},"(8,7,8)":{"fields":{"formspec":"        size[8,5.5;]\n        field[0.2,0.5;1,1;xoffset;X Offset;${xoffset}]\n        field[1.2,0.5;1,1;yoffset;Y Offset;${yoffset}]\n        field[2.2,0.5;1,1;zoffset;Z Offset;${zoffset}]\n        button_exit[6.1,0.2;2,1;save;Save]\n        label[4,0.5;Item]\n        list[context;main;5,0.2;1,1;]\n        list[current_player;main;0,1.5;8,4;]\n        listring[]\n    ","xoffset":"0","yoffset":"8","zoffset":"0"},"inventory":{"main":["super_sam:coin"]}}},"timers":null},"(1,2,3)":{"meta":{"(10,7,6)":{"fields":{"formspec":"        size[8,5.5;]\n        field[0.2,0.5;1,1;xoffset;X Offset;${xoffset}]\n        field[1.2,0.5;1,1;yoffset;Y Offset;${yoffset}]\n        field[2.2,0.5;1,1;zoffset;Z Offset;${zoffset}]\n        button_exit[6.1,0.2;2,1;save;Save]\n        label[4,0.5;Item]\n        list[context;main;5,0.2;1,1;]\n        list[current_player;main;0,1.5;8,4;]\n        listring[]\n    ","xoffset":"0","yoffset":"3","zoffset":"0"},"inventory":{"main":["super_sam:coin"]}},"(12,7,6)":{"fields":{"formspec":"        size[8,5.5;]\n        field[0.2,0.5;1,1;xoffset;X Offset;${xoffset}]\n        field[1.2,0.5;1,1;yoffset;Y Offset;${yoffset}]\n        field[2.2,0.5;1,1;zoffset;Z Offset;${zoffset}]\n        button_exit[6.1,0.2;2,1;save;Save]\n        label[4,0.5;Item]\n        list[context;main;5,0.2;1,1;]\n        list[current_player;main;0,1.5;8,4;]\n        listring[]\n    ","xoffset":"0","yoffset":"3","zoffset":"0"},"inventory":{"main":["super_sam:coin"]}},"(14,7,6)":{"fields":{"formspec":"        size[8,5.5;]\n        field[0.2,0.5;1,1;xoffset;X Offset;${xoffset}]\n        field[1.2,0.5;1,1;yoffset;Y Offset;${yoffset}]\n        field[2.2,0.5;1,1;zoffset;Z Offset;${zoffset}]\n        button_exit[6.1,0.2;2,1;save;Save]\n        label[4,0.5;Item]\n        list[context;main;5,0.2;1,1;]\n        list[current_player;main;0,1.5;8,4;]\n        listring[]\n    ","xoffset":"0","yoffset":"3","zoffset":"0"},"inventory":{"main":["super_sam:coin"]}}},"timers":null},"(2,2,2)":{"meta":{"(2,6,14)":{"fields":{"formspec":"        size[8,7.5;]\n        field[0.2,0.5;1,1;xoffset;X Offset;${xoffset}]\n        field[1.2,0.5;1,1;yoffset;Y Offset;${yoffset}]\n        field[2.2,0.5;1,1;zoffset;Z Offset;${zoffset}]\n        field[3.2,0.5;1,1;interval;Interval;${interval}]\n        button_exit[6.1,0.2;2,1;save;Save]\n        label[4,0.5;Item]\n        list[context;main;5,0.2;1,1;]\n\n        field[0.2,1.5;1,1;xvel;X Speed;${xvel}]\n        field[1.2,1.5;1,1;yvel;Y Speed;${yvel}]\n        field[2.2,1.5;1,1;zvel;Z Speed;${zvel}]\n\n        field[0.2,2.5;1,1;xsize;X Size;${xsize}]\n        field[1.2,2.5;1,1;ysize;Y Size;${ysize}]\n        field[2.2,2.5;1,1;zsize;Z Size;${zsize}]\n\n        list[current_player;main;0,3.5;8,4;]\n        listring[]\n    ","interval":"5","xoffset":"0","xsize":"2.9","xvel":"1","yoffset":"2","ysize":"0.9","yvel":"0","zoffset":"0","zsize":"2.9","zvel":"0"},"inventory":{"main":["super_sam:obsidian_block"]}}},"timers":{"(2,6,14)":{"elapsed":0.0,"timeout":5.0}}},"(2,2,3)":{"meta":{"(0,7,6)":{"fields":{"formspec":"        size[8,5.5;]\n        field[0.2,0.5;1,1;xoffset;X Offset;${xoffset}]\n        field[1.2,0.5;1,1;yoffset;Y Offset;${yoffset}]\n        field[2.2,0.5;1,1;zoffset;Z Offset;${zoffset}]\n        button_exit[6.1,0.2;2,1;save;Save]\n        label[4,0.5;Item]\n        list[context;main;5,0.2;1,1;]\n        list[current_player;main;0,1.5;8,4;]\n        listring[]\n    ","xoffset":"0","yoffset":"3","zoffset":"0"},"inventory":{"main":["super_sam:coin"]}},"(1,7,0)":{"fields":{"formspec":"        size[8,5.5;]\n        field[0.2,0.5;1,1;xoffset;X Offset;${xoffset}]\n        field[1.2,0.5;1,1;yoffset;Y Offset;${yoffset}]\n        field[2.2,0.5;1,1;zoffset;Z Offset;${zoffset}]\n        button_exit[6.1,0.2;2,1;save;Save]\n        label[4,0.5;Item]\n        list[context;main;5,0.2;1,1;]\n        list[current_player;main;0,1.5;8,4;]\n        listring[]\n    ","xoffset":"0","yoffset":"3","zoffset":"0"},"inventory":{"main":["super_sam:coin"]}},"(1,7,2)":{"fields":{"formspec":"        size[8,5.5;]\n        field[0.2,0.5;1,1;xoffset;X Offset;${xoffset}]\n        field[1.2,0.5;1,1;yoffset;Y Offset;${yoffset}]\n        field[2.2,0.5;1,1;zoffset;Z Offset;${zoffset}]\n        button_exit[6.1,0.2;2,1;save;Save]\n        label[4,0.5;Item]\n        list[context;main;5,0.2;1,1;]\n        list[current_player;main;0,1.5;8,4;]\n        listring[]\n    ","xoffset":"0","yoffset":"3","zoffset":"0"},"inventory":{"main":["super_sam:coin"]}},"(1,7,4)":{"fields":{"formspec":"        size[8,5.5;]\n        field[0.2,0.5;1,1;xoffset;X Offset;${xoffset}]\n        field[1.2,0.5;1,1;yoffset;Y Offset;${yoffset}]\n        field[2.2,0.5;1,1;zoffset;Z Offset;${zoffset}]\n        button_exit[6.1,0.2;2,1;save;Save]\n        label[4,0.5;Item]\n        list[context;main;5,0.2;1,1;]\n        list[current_player;main;0,1.5;8,4;]\n        listring[]\n    ","xoffset":"0","yoffset":"3","zoffset":"0"},"inventory":{"main":["super_sam:coin"]}}},"timers":null},"(3,2,2)":{"meta":{"(1,5,14)":{"fields":{"formspec":"        size[8,5.5;]\n        field[0.2,0.5;1,1;xoffset;X Offset;${xoffset}]\n        field[1.2,0.5;1,1;yoffset;Y Offset;${yoffset}]\n        field[2.2,0.5;1,1;zoffset;Z Offset;${zoffset}]\n        button_exit[6.1,0.2;2,1;save;Save]\n        label[4,0.5;Item]\n        list[context;main;5,0.2;1,1;]\n        list[current_player;main;0,1.5;8,4;]\n        listring[]\n    ","xoffset":"0","yoffset":"5","zoffset":"0"},"inventory":{"main":["super_sam:coin"]}},"(11,1,10)":{"fields":{"formspec":"\t\tsize[8,5.5;]\n\t\tfield[0.2,0.5;1,1;xoffset;X Offset;${xoffset}]\n\t\tfield[1.2,0.5;1,1;yoffset;Y Offset;${yoffset}]\n\t\tfield[2.2,0.5;1,1;zoffset;Z Offset;${zoffset}]\n\t\tbutton_exit[6.1,0.2;2,1;save;Save]\n\t\tlabel[4,0.5;Item]\n\t\tlist[context;main;5,0.2;1,1;]\n\t\tlist[current_player;main;0,1.5;8,4;]\n\t\tlistring[]\n\t","xoffset":"0","yoffset":"2","zoffset":"0"},"inventory":{"main":["super_sam:coin"]}},"(13,1,10)":{"fields":{"formspec":"\t\tsize[8,5.5;]\n\t\tfield[0.2,0.5;1,1;xoffset;X Offset;${xoffset}]\n\t\tfield[1.2,0.5;1,1;yoffset;Y Offset;${yoffset}]\n\t\tfield[2.2,0.5;1,1;zoffset;Z Offset;${zoffset}]\n\t\tbutton_exit[6.1,0.2;2,1;save;Save]\n\t\tlabel[4,0.5;Item]\n\t\tlist[context;main;5,0.2;1,1;]\n\t\tlist[current_player;main;0,1.5;8,4;]\n\t\tlistring[]\n\t","xoffset":"0","yoffset":"2","zoffset":"0"},"inventory":{"main":["super_sam:coin"]}},"(15,1,10)":{"fields":{"formspec":"\t\tsize[8,5.5;]\n\t\tfield[0.2,0.5;1,1;xoffset;X Offset;${xoffset}]\n\t\tfield[1.2,0.5;1,1;yoffset;Y Offset;${yoffset}]\n\t\tfield[2.2,0.5;1,1;zoffset;Z Offset;${zoffset}]\n\t\tbutton_exit[6.1,0.2;2,1;save;Save]\n\t\tlabel[4,0.5;Item]\n\t\tlist[context;main;5,0.2;1,1;]\n\t\tlist[current_player;main;0,1.5;8,4;]\n\t\tlistring[]\n\t","xoffset":"0","yoffset":"2","zoffset":"0"},"inventory":{"main":["super_sam:coin"]}},"(3,5,14)":{"fields":{"formspec":"        size[8,5.5;]\n        field[0.2,0.5;1,1;xoffset;X Offset;${xoffset}]\n        field[1.2,0.5;1,1;yoffset;Y Offset;${yoffset}]\n        field[2.2,0.5;1,1;zoffset;Z Offset;${zoffset}]\n        button_exit[6.1,0.2;2,1;save;Save]\n        label[4,0.5;Item]\n        list[context;main;5,0.2;1,1;]\n        list[current_player;main;0,1.5;8,4;]\n        listring[]\n    ","xoffset":"0","yoffset":"5","zoffset":"0"},"inventory":{"main":["super_sam:coin"]}},"(5,4,14)":{"fields":{"formspec":"        size[8,5.5;]\n        field[0.2,0.5;1,1;xoffset;X Offset;${xoffset}]\n        field[1.2,0.5;1,1;yoffset;Y Offset;${yoffset}]\n        field[2.2,0.5;1,1;zoffset;Z Offset;${zoffset}]\n        button_exit[6.1,0.2;2,1;save;Save]\n        label[4,0.5;Item]\n        list[context;main;5,0.2;1,1;]\n        list[current_player;main;0,1.5;8,4;]\n        listring[]\n    ","xoffset":"0","yoffset":"6","zoffset":"0"},"inventory":{"main":["super_sam:coin"]}},"(5,5,14)":{"fields":{"formspec":"        size[8,7.5;]\n        field[0.2,0.5;1,1;xoffset;X Offset;${xoffset}]\n        field[1.2,0.5;1,1;yoffset;Y Offset;${yoffset}]\n        field[2.2,0.5;1,1;zoffset;Z Offset;${zoffset}]\n        field[3.2,0.5;1,1;interval;Interval;${interval}]\n        button_exit[6.1,0.2;2,1;save;Save]\n        label[4,0.5;Item]\n        list[context;main;5,0.2;1,1;]\n\n        field[0.2,1.5;1,1;xvel;X Speed;${xvel}]\n        field[1.2,1.5;1,1;yvel;Y Speed;${yvel}]\n        field[2.2,1.5;1,1;zvel;Z Speed;${zvel}]\n\n        field[0.2,2.5;1,1;xsize;X Size;${xsize}]\n        field[1.2,2.5;1,1;ysize;Y Size;${ysize}]\n        field[2.2,2.5;1,1;zsize;Z Size;${zsize}]\n\n        list[current_player;main;0,3.5;8,4;]\n        listring[]\n    ","interval":"5","xoffset":"0","xsize":"2.9","xvel":"0","yoffset":"3","ysize":"0.9","yvel":"0","zoffset":"0","zsize":"2.9","zvel":"1"},"inventory":{"main":["super_sam:obsidian_block"]}},"(9,1,10)":{"fields":{"formspec":"\t\tsize[8,5.5;]\n\t\tfield[0.2,0.5;1,1;xoffset;X Offset;${xoffset}]\n\t\tfield[1.2,0.5;1,1;yoffset;Y Offset;${yoffset}]\n\t\tfield[2.2,0.5;1,1;zoffset;Z Offset;${zoffset}]\n\t\tbutton_exit[6.1,0.2;2,1;save;Save]\n\t\tlabel[4,0.5;Item]\n\t\tlist[context;main;5,0.2;1,1;]\n\t\tlist[current_player;main;0,1.5;8,4;]\n\t\tlistring[]\n\t","xoffset":"0","yoffset":"2","zoffset":"0"},"inventory":{"main":["super_sam:coin"]}}},"timers":{"(5,5,14)":{"elapsed":0.0,"timeout":5.0}}},"(3,2,3)":{"meta":{"(5,5,13)":{"fields":{"formspec":"        size[8,5.5;]\n        field[0.2,0.5;1,1;xoffset;X Offset;${xoffset}]\n        field[1.2,0.5;1,1;yoffset;Y Offset;${yoffset}]\n        field[2.2,0.5;1,1;zoffset;Z Offset;${zoffset}]\n        button_exit[6.1,0.2;2,1;save;Save]\n        label[4,0.5;Item]\n        list[context;main;5,0.2;1,1;]\n        list[current_player;main;0,1.5;8,4;]\n        listring[]\n    ","xoffset":"0","yoffset":"5","zoffset":"0"},"inventory":{"main":["super_sam:coin"]}},"(7,5,13)":{"fields":{"formspec":"        size[8,5.5;]\n        field[0.2,0.5;1,1;xoffset;X Offset;${xoffset}]\n        field[1.2,0.5;1,1;yoffset;Y Offset;${yoffset}]\n        field[2.2,0.5;1,1;zoffset;Z Offset;${zoffset}]\n        button_exit[6.1,0.2;2,1;save;Save]\n        label[4,0.5;Item]\n        list[context;main;5,0.2;1,1;]\n        list[current_player;main;0,1.5;8,4;]\n        listring[]\n    ","xoffset":"0","yoffset":"5","zoffset":"0"},"inventory":{"main":["super_sam:coin"]}},"(9,5,13)":{"fields":{"formspec":"        size[8,5.5;]\n        field[0.2,0.5;1,1;xoffset;X Offset;${xoffset}]\n        field[1.2,0.5;1,1;yoffset;Y Offset;${yoffset}]\n        field[2.2,0.5;1,1;zoffset;Z Offset;${zoffset}]\n        button_exit[6.1,0.2;2,1;save;Save]\n        label[4,0.5;Item]\n        list[context;main;5,0.2;1,1;]\n        list[current_player;main;0,1.5;8,4;]\n        listring[]\n    ","xoffset":"0","yoffset":"5","zoffset":"0"},"inventory":{"main":["super_sam:coin"]}}},"timers":null},"(4,2,3)":{"meta":{"(14,9,1)":{"fields":{"name":"s01e02","time":"120","tpx":"0","tpy":"0","tpz":"0","xminus":"4","xplus":"48","yminus":"5","yplus":"15","zminus":"12","zplus":"15"},"inventory":null},"(2,6,13)":{"fields":{"formspec":"        size[8,7.5;]\n        field[0.2,0.5;1,1;xoffset;X Offset;${xoffset}]\n        field[1.2,0.5;1,1;yoffset;Y Offset;${yoffset}]\n        field[2.2,0.5;1,1;zoffset;Z Offset;${zoffset}]\n        field[3.2,0.5;1,1;interval;Interval;${interval}]\n        button_exit[6.1,0.2;2,1;save;Save]\n        label[4,0.5;Item]\n        list[context;main;5,0.2;1,1;]\n\n        field[0.2,1.5;1,1;xvel;X Speed;${xvel}]\n        field[1.2,1.5;1,1;yvel;Y Speed;${yvel}]\n        field[2.2,1.5;1,1;zvel;Z Speed;${zvel}]\n\n        field[0.2,2.5;1,1;xsize;X Size;${xsize}]\n        field[1.2,2.5;1,1;ysize;Y Size;${ysize}]\n        field[2.2,2.5;1,1;zsize;Z Size;${zsize}]\n\n        list[current_player;main;0,3.5;8,4;]\n        listring[]\n    ","interval":"5","xoffset":"0","xsize":"2.9","xvel":"-1","yoffset":"2","ysize":"0.9","yvel":"0","zoffset":"0","zsize":"2.9","zvel":"0"},"inventory":{"main":["super_sam:obsidian_block"]}}},"timers":{"(2,6,13)":{"elapsed":0.0,"timeout":5.0}}}}