{"(0,2,0)":{"meta":{"(4,2,0)":{"fields":{"formspec":"\t\tsize[8,5.5;]\n\t\tfield[0.2,0.5;1,1;xoffset;X Offset;${xoffset}]\n\t\tfield[1.2,0.5;1,1;yoffset;Y Offset;${yoffset}]\n\t\tfield[2.2,0.5;1,1;zoffset;Z Offset;${zoffset}]\n\t\tbutton_exit[6.1,0.2;2,1;save;Save]\n\t\tlabel[4,0.5;Item]\n\t\tlist[context;main;5,0.2;1,1;]\n\t\tlist[current_player;main;0,1.5;8,4;]\n\t\tlistring[]\n\t","xoffset":"0","yoffset":"1","zoffset":"0"},"inventory":{"main":["super_sam:mushroom_2"]}},"(4,2,2)":{"fields":{"formspec":"\t\tsize[8,5.5;]\n\t\tfield[0.2,0.5;1,1;xoffset;X Offset;${xoffset}]\n\t\tfield[1.2,0.5;1,1;yoffset;Y Offset;${yoffset}]\n\t\tfield[2.2,0.5;1,1;zoffset;Z Offset;${zoffset}]\n\t\tbutton_exit[6.1,0.2;2,1;save;Save]\n\t\tlabel[4,0.5;Item]\n\t\tlist[context;main;5,0.2;1,1;]\n\t\tlist[current_player;main;0,1.5;8,4;]\n\t\tlistring[]\n\t","xoffset":"0","yoffset":"1","zoffset":"0"},"inventory":{"main":["super_sam:mushroom_3"]}},"(8,1,0)":{"fields":{"theme":"main","xminus":"24","xplus":"24","yminus":"0","yplus":"10","zminus":"8","zplus":"3"},"inventory":null}},"timers":null},"(1,2,0)":{"meta":{"(11,1,4)":{"fields":{"highscore_name":"sandbox"},"inventory":null},"(13,0,7)":{"fields":{"tpx":"-3","tpy":"1","tpz":"3004"},"inventory":null}},"timers":null},"(1,2,1)":{"meta":{"(11,1,10)":{"fields":{"infotext":"\u001b(T@travelnet)Station '\u001bFsandbox\u001bE' on network '\u001bFnet1\u001bE' (owned by \u001bFsingleplayer\u001bE) ready for usage.\u001bE","owner":"singleplayer","station_name":"sandbox","station_network":"net1","timestamp":"1685470830"},"inventory":null}},"timers":null}}