{"(0,2,0)":{"meta":{"(8,1,0)":{"fields":{"theme":"main","xminus":"24","xplus":"24","yminus":"0","yplus":"10","zminus":"8","zplus":"3"},"inventory":null}},"timers":null},"(1,2,0)":{"meta":{"(11,1,4)":{"fields":{"highscore_name":"sandbox"},"inventory":null},"(13,0,7)":{"fields":{"tpx":"-3","tpy":"1","tpz":"3004"},"inventory":null}},"timers":null},"(1,2,1)":{"meta":{"(11,1,10)":{"fields":{"infotext":"\u001b(T@travelnet)Station '\u001bFsandbox\u001bE' on network '\u001bFnet1\u001bE' (owned by \u001bFsingleplayer\u001bE) ready for usage.\u001bE","owner":"singleplayer","station_name":"sandbox","station_network":"net1","timestamp":"1685470830"},"inventory":null}},"timers":null}}