{"(1,2,0)":{"meta":{"(4,0,4)":{"fields":{"lookdir":"+x","name":"s02e01","time":"120","tpx":"0","tpy":"0","tpz":"0","xminus":"10","xplus":"70","yminus":"9","yplus":"21","zminus":"16","zplus":"15"},"inventory":null}},"timers":null},"(2,1,0)":{"meta":{"(10,12,15)":{"fields":{"formspec":"        size[8,5.5;]\n        field[0.2,0.5;1,1;xoffset;X Offset;${xoffset}]\n        field[1.2,0.5;1,1;yoffset;Y Offset;${yoffset}]\n        field[2.2,0.5;1,1;zoffset;Z Offset;${zoffset}]\n        button_exit[6.1,0.2;2,1;save;Save]\n        label[4,0.5;Item]\n        list[context;main;5,0.2;1,1;]\n        list[current_player;main;0,1.5;8,4;]\n        listring[]\n    ","xoffset":"0","yoffset":"5","zoffset":"0"},"inventory":{"main":["super_sam:coin"]}},"(12,12,15)":{"fields":{"formspec":"        size[8,5.5;]\n        field[0.2,0.5;1,1;xoffset;X Offset;${xoffset}]\n        field[1.2,0.5;1,1;yoffset;Y Offset;${yoffset}]\n        field[2.2,0.5;1,1;zoffset;Z Offset;${zoffset}]\n        button_exit[6.1,0.2;2,1;save;Save]\n        label[4,0.5;Item]\n        list[context;main;5,0.2;1,1;]\n        list[current_player;main;0,1.5;8,4;]\n        listring[]\n    ","xoffset":"0","yoffset":"5","zoffset":"0"},"inventory":{"main":["super_sam:coin"]}},"(14,12,15)":{"fields":{"formspec":"        size[8,5.5;]\n        field[0.2,0.5;1,1;xoffset;X Offset;${xoffset}]\n        field[1.2,0.5;1,1;yoffset;Y Offset;${yoffset}]\n        field[2.2,0.5;1,1;zoffset;Z Offset;${zoffset}]\n        button_exit[6.1,0.2;2,1;save;Save]\n        label[4,0.5;Item]\n        list[context;main;5,0.2;1,1;]\n        list[current_player;main;0,1.5;8,4;]\n        listring[]\n    ","xoffset":"0","yoffset":"5","zoffset":"0"},"inventory":{"main":["super_sam:coin"]}},"(7,12,13)":{"fields":{"formspec":"        size[8,7.5;]\n        field[0.2,0.5;1,1;xoffset;X Offset;${xoffset}]\n        field[1.2,0.5;1,1;yoffset;Y Offset;${yoffset}]\n        field[2.2,0.5;1,1;zoffset;Z Offset;${zoffset}]\n        field[3.2,0.5;1,1;interval;Interval;${interval}]\n        button_exit[6.1,0.2;2,1;save;Save]\n        label[4,0.5;Item]\n        list[context;main;5,0.2;1,1;]\n\n        field[0.2,1.5;1,1;xvel;X Speed;${xvel}]\n        field[1.2,1.5;1,1;yvel;Y Speed;${yvel}]\n        field[2.2,1.5;1,1;zvel;Z Speed;${zvel}]\n\n        field[0.2,2.5;1,1;xsize;X Size;${xsize}]\n        field[1.2,2.5;1,1;ysize;Y Size;${ysize}]\n        field[2.2,2.5;1,1;zsize;Z Size;${zsize}]\n\n        list[current_player;main;0,3.5;8,4;]\n        listring[]\n    ","interval":"4","xoffset":"0","xsize":"0.9","xvel":"0","yoffset":"10","ysize":"0.9","yvel":"-1","zoffset":"0","zsize":"0.9","zvel":"0"},"inventory":{"main":["super_sam:obsidian_block"]}},"(7,12,9)":{"fields":{"formspec":"        size[8,7.5;]\n        field[0.2,0.5;1,1;xoffset;X Offset;${xoffset}]\n        field[1.2,0.5;1,1;yoffset;Y Offset;${yoffset}]\n        field[2.2,0.5;1,1;zoffset;Z Offset;${zoffset}]\n        field[3.2,0.5;1,1;interval;Interval;${interval}]\n        button_exit[6.1,0.2;2,1;save;Save]\n        label[4,0.5;Item]\n        list[context;main;5,0.2;1,1;]\n\n        field[0.2,1.5;1,1;xvel;X Speed;${xvel}]\n        field[1.2,1.5;1,1;yvel;Y Speed;${yvel}]\n        field[2.2,1.5;1,1;zvel;Z Speed;${zvel}]\n\n        field[0.2,2.5;1,1;xsize;X Size;${xsize}]\n        field[1.2,2.5;1,1;ysize;Y Size;${ysize}]\n        field[2.2,2.5;1,1;zsize;Z Size;${zsize}]\n\n        list[current_player;main;0,3.5;8,4;]\n        listring[]\n    ","interval":"4","xoffset":"0","xsize":"0.9","xvel":"0","yoffset":"10","ysize":"0.9","yvel":"-1","zoffset":"0","zsize":"0.9","zvel":"0"},"inventory":{"main":["super_sam:obsidian_block"]}}},"timers":{"(7,12,13)":{"elapsed":0.0,"timeout":4.0},"(7,12,9)":{"elapsed":0.0,"timeout":4.0}}},"(2,2,0)":{"meta":{"(14,8,4)":{"fields":{"formspec":"        size[8,5.5;]\n        field[0.2,0.5;1,1;xoffset;X Offset;${xoffset}]\n        field[1.2,0.5;1,1;yoffset;Y Offset;${yoffset}]\n        field[2.2,0.5;1,1;zoffset;Z Offset;${zoffset}]\n        button_exit[6.1,0.2;2,1;save;Save]\n        label[4,0.5;Item]\n        list[context;main;5,0.2;1,1;]\n        list[current_player;main;0,1.5;8,4;]\n        listring[]\n    ","xoffset":"0","yoffset":"7","zoffset":"0"},"inventory":{"main":["super_sam:heart"]}},"(15,8,14)":{"fields":{"formspec":"        size[8,5.5;]\n        field[0.2,0.5;1,1;xoffset;X Offset;${xoffset}]\n        field[1.2,0.5;1,1;yoffset;Y Offset;${yoffset}]\n        field[2.2,0.5;1,1;zoffset;Z Offset;${zoffset}]\n        button_exit[6.1,0.2;2,1;save;Save]\n        label[4,0.5;Item]\n        list[context;main;5,0.2;1,1;]\n        list[current_player;main;0,1.5;8,4;]\n        listring[]\n    ","xoffset":"0","yoffset":"2","zoffset":"0"},"inventory":{"main":["super_sam:coin"]}},"(2,8,0)":{"fields":{"formspec":"        size[8,5.5;]\n        field[0.2,0.5;1,1;xoffset;X Offset;${xoffset}]\n        field[1.2,0.5;1,1;yoffset;Y Offset;${yoffset}]\n        field[2.2,0.5;1,1;zoffset;Z Offset;${zoffset}]\n        button_exit[6.1,0.2;2,1;save;Save]\n        label[4,0.5;Item]\n        list[context;main;5,0.2;1,1;]\n        list[current_player;main;0,1.5;8,4;]\n        listring[]\n    ","xoffset":"0","yoffset":"2","zoffset":"0"},"inventory":{"main":["super_sam:coin"]}},"(2,8,10)":{"fields":{"formspec":"        size[8,5.5;]\n        field[0.2,0.5;1,1;xoffset;X Offset;${xoffset}]\n        field[1.2,0.5;1,1;yoffset;Y Offset;${yoffset}]\n        field[2.2,0.5;1,1;zoffset;Z Offset;${zoffset}]\n        button_exit[6.1,0.2;2,1;save;Save]\n        label[4,0.5;Item]\n        list[context;main;5,0.2;1,1;]\n        list[current_player;main;0,1.5;8,4;]\n        listring[]\n    ","xoffset":"0","yoffset":"2","zoffset":"0"},"inventory":{"main":["super_sam:coin"]}},"(2,8,12)":{"fields":{"formspec":"        size[8,5.5;]\n        field[0.2,0.5;1,1;xoffset;X Offset;${xoffset}]\n        field[1.2,0.5;1,1;yoffset;Y Offset;${yoffset}]\n        field[2.2,0.5;1,1;zoffset;Z Offset;${zoffset}]\n        button_exit[6.1,0.2;2,1;save;Save]\n        label[4,0.5;Item]\n        list[context;main;5,0.2;1,1;]\n        list[current_player;main;0,1.5;8,4;]\n        listring[]\n    ","xoffset":"0","yoffset":"2","zoffset":"0"},"inventory":{"main":["super_sam:coin"]}},"(2,8,14)":{"fields":{"formspec":"        size[8,5.5;]\n        field[0.2,0.5;1,1;xoffset;X Offset;${xoffset}]\n        field[1.2,0.5;1,1;yoffset;Y Offset;${yoffset}]\n        field[2.2,0.5;1,1;zoffset;Z Offset;${zoffset}]\n        button_exit[6.1,0.2;2,1;save;Save]\n        label[4,0.5;Item]\n        list[context;main;5,0.2;1,1;]\n        list[current_player;main;0,1.5;8,4;]\n        listring[]\n    ","xoffset":"0","yoffset":"2","zoffset":"0"},"inventory":{"main":["super_sam:coin"]}},"(2,8,2)":{"fields":{"formspec":"        size[8,5.5;]\n        field[0.2,0.5;1,1;xoffset;X Offset;${xoffset}]\n        field[1.2,0.5;1,1;yoffset;Y Offset;${yoffset}]\n        field[2.2,0.5;1,1;zoffset;Z Offset;${zoffset}]\n        button_exit[6.1,0.2;2,1;save;Save]\n        label[4,0.5;Item]\n        list[context;main;5,0.2;1,1;]\n        list[current_player;main;0,1.5;8,4;]\n        listring[]\n    ","xoffset":"0","yoffset":"2","zoffset":"0"},"inventory":{"main":["super_sam:coin"]}},"(2,8,4)":{"fields":{"formspec":"        size[8,5.5;]\n        field[0.2,0.5;1,1;xoffset;X Offset;${xoffset}]\n        field[1.2,0.5;1,1;yoffset;Y Offset;${yoffset}]\n        field[2.2,0.5;1,1;zoffset;Z Offset;${zoffset}]\n        button_exit[6.1,0.2;2,1;save;Save]\n        label[4,0.5;Item]\n        list[context;main;5,0.2;1,1;]\n        list[current_player;main;0,1.5;8,4;]\n        listring[]\n    ","xoffset":"0","yoffset":"2","zoffset":"0"},"inventory":{"main":["super_sam:coin"]}},"(2,8,6)":{"fields":{"formspec":"        size[8,5.5;]\n        field[0.2,0.5;1,1;xoffset;X Offset;${xoffset}]\n        field[1.2,0.5;1,1;yoffset;Y Offset;${yoffset}]\n        field[2.2,0.5;1,1;zoffset;Z Offset;${zoffset}]\n        button_exit[6.1,0.2;2,1;save;Save]\n        label[4,0.5;Item]\n        list[context;main;5,0.2;1,1;]\n        list[current_player;main;0,1.5;8,4;]\n        listring[]\n    ","xoffset":"0","yoffset":"2","zoffset":"0"},"inventory":{"main":["super_sam:coin"]}},"(2,8,8)":{"fields":{"formspec":"        size[8,5.5;]\n        field[0.2,0.5;1,1;xoffset;X Offset;${xoffset}]\n        field[1.2,0.5;1,1;yoffset;Y Offset;${yoffset}]\n        field[2.2,0.5;1,1;zoffset;Z Offset;${zoffset}]\n        button_exit[6.1,0.2;2,1;save;Save]\n        label[4,0.5;Item]\n        list[context;main;5,0.2;1,1;]\n        list[current_player;main;0,1.5;8,4;]\n        listring[]\n    ","xoffset":"0","yoffset":"2","zoffset":"0"},"inventory":{"main":["super_sam:coin"]}}},"timers":null},"(3,1,0)":{"meta":{"(0,12,15)":{"fields":{"formspec":"        size[8,5.5;]\n        field[0.2,0.5;1,1;xoffset;X Offset;${xoffset}]\n        field[1.2,0.5;1,1;yoffset;Y Offset;${yoffset}]\n        field[2.2,0.5;1,1;zoffset;Z Offset;${zoffset}]\n        button_exit[6.1,0.2;2,1;save;Save]\n        label[4,0.5;Item]\n        list[context;main;5,0.2;1,1;]\n        list[current_player;main;0,1.5;8,4;]\n        listring[]\n    ","xoffset":"0","yoffset":"5","zoffset":"0"},"inventory":{"main":["super_sam:coin"]}},"(10,12,15)":{"fields":{"formspec":"        size[8,5.5;]\n        field[0.2,0.5;1,1;xoffset;X Offset;${xoffset}]\n        field[1.2,0.5;1,1;yoffset;Y Offset;${yoffset}]\n        field[2.2,0.5;1,1;zoffset;Z Offset;${zoffset}]\n        button_exit[6.1,0.2;2,1;save;Save]\n        label[4,0.5;Item]\n        list[context;main;5,0.2;1,1;]\n        list[current_player;main;0,1.5;8,4;]\n        listring[]\n    ","xoffset":"0","yoffset":"5","zoffset":"0"},"inventory":{"main":["super_sam:coin"]}},"(12,12,15)":{"fields":{"formspec":"        size[8,5.5;]\n        field[0.2,0.5;1,1;xoffset;X Offset;${xoffset}]\n        field[1.2,0.5;1,1;yoffset;Y Offset;${yoffset}]\n        field[2.2,0.5;1,1;zoffset;Z Offset;${zoffset}]\n        button_exit[6.1,0.2;2,1;save;Save]\n        label[4,0.5;Item]\n        list[context;main;5,0.2;1,1;]\n        list[current_player;main;0,1.5;8,4;]\n        listring[]\n    ","xoffset":"0","yoffset":"5","zoffset":"0"},"inventory":{"main":["super_sam:coin"]}},"(14,12,15)":{"fields":{"formspec":"        size[8,5.5;]\n        field[0.2,0.5;1,1;xoffset;X Offset;${xoffset}]\n        field[1.2,0.5;1,1;yoffset;Y Offset;${yoffset}]\n        field[2.2,0.5;1,1;zoffset;Z Offset;${zoffset}]\n        button_exit[6.1,0.2;2,1;save;Save]\n        label[4,0.5;Item]\n        list[context;main;5,0.2;1,1;]\n        list[current_player;main;0,1.5;8,4;]\n        listring[]\n    ","xoffset":"0","yoffset":"5","zoffset":"0"},"inventory":{"main":["super_sam:coin"]}},"(2,12,15)":{"fields":{"formspec":"        size[8,5.5;]\n        field[0.2,0.5;1,1;xoffset;X Offset;${xoffset}]\n        field[1.2,0.5;1,1;yoffset;Y Offset;${yoffset}]\n        field[2.2,0.5;1,1;zoffset;Z Offset;${zoffset}]\n        button_exit[6.1,0.2;2,1;save;Save]\n        label[4,0.5;Item]\n        list[context;main;5,0.2;1,1;]\n        list[current_player;main;0,1.5;8,4;]\n        listring[]\n    ","xoffset":"0","yoffset":"5","zoffset":"0"},"inventory":{"main":["super_sam:coin"]}},"(6,12,15)":{"fields":{"formspec":"        size[8,5.5;]\n        field[0.2,0.5;1,1;xoffset;X Offset;${xoffset}]\n        field[1.2,0.5;1,1;yoffset;Y Offset;${yoffset}]\n        field[2.2,0.5;1,1;zoffset;Z Offset;${zoffset}]\n        button_exit[6.1,0.2;2,1;save;Save]\n        label[4,0.5;Item]\n        list[context;main;5,0.2;1,1;]\n        list[current_player;main;0,1.5;8,4;]\n        listring[]\n    ","xoffset":"0","yoffset":"5","zoffset":"0"},"inventory":{"main":["super_sam:coin"]}},"(8,12,15)":{"fields":{"formspec":"        size[8,5.5;]\n        field[0.2,0.5;1,1;xoffset;X Offset;${xoffset}]\n        field[1.2,0.5;1,1;yoffset;Y Offset;${yoffset}]\n        field[2.2,0.5;1,1;zoffset;Z Offset;${zoffset}]\n        button_exit[6.1,0.2;2,1;save;Save]\n        label[4,0.5;Item]\n        list[context;main;5,0.2;1,1;]\n        list[current_player;main;0,1.5;8,4;]\n        listring[]\n    ","xoffset":"0","yoffset":"5","zoffset":"0"},"inventory":{"main":["super_sam:coin"]}}},"timers":null},"(3,2,0)":{"meta":{"(1,8,14)":{"fields":{"formspec":"        size[8,5.5;]\n        field[0.2,0.5;1,1;xoffset;X Offset;${xoffset}]\n        field[1.2,0.5;1,1;yoffset;Y Offset;${yoffset}]\n        field[2.2,0.5;1,1;zoffset;Z Offset;${zoffset}]\n        button_exit[6.1,0.2;2,1;save;Save]\n        label[4,0.5;Item]\n        list[context;main;5,0.2;1,1;]\n        list[current_player;main;0,1.5;8,4;]\n        listring[]\n    ","xoffset":"0","yoffset":"2","zoffset":"0"},"inventory":{"main":["super_sam:coin"]}},"(11,8,14)":{"fields":{"formspec":"        size[8,5.5;]\n        field[0.2,0.5;1,1;xoffset;X Offset;${xoffset}]\n        field[1.2,0.5;1,1;yoffset;Y Offset;${yoffset}]\n        field[2.2,0.5;1,1;zoffset;Z Offset;${zoffset}]\n        button_exit[6.1,0.2;2,1;save;Save]\n        label[4,0.5;Item]\n        list[context;main;5,0.2;1,1;]\n        list[current_player;main;0,1.5;8,4;]\n        listring[]\n    ","xoffset":"0","yoffset":"2","zoffset":"0"},"inventory":{"main":["super_sam:coin"]}},"(13,8,14)":{"fields":{"formspec":"        size[8,5.5;]\n        field[0.2,0.5;1,1;xoffset;X Offset;${xoffset}]\n        field[1.2,0.5;1,1;yoffset;Y Offset;${yoffset}]\n        field[2.2,0.5;1,1;zoffset;Z Offset;${zoffset}]\n        button_exit[6.1,0.2;2,1;save;Save]\n        label[4,0.5;Item]\n        list[context;main;5,0.2;1,1;]\n        list[current_player;main;0,1.5;8,4;]\n        listring[]\n    ","xoffset":"0","yoffset":"2","zoffset":"0"},"inventory":{"main":["super_sam:coin"]}},"(14,6,0)":{"fields":{"formspec":"        size[8,5.5;]\n        field[0.2,0.5;1,1;xoffset;X Offset;${xoffset}]\n        field[1.2,0.5;1,1;yoffset;Y Offset;${yoffset}]\n        field[2.2,0.5;1,1;zoffset;Z Offset;${zoffset}]\n        button_exit[6.1,0.2;2,1;save;Save]\n        label[4,0.5;Item]\n        list[context;main;5,0.2;1,1;]\n        list[current_player;main;0,1.5;8,4;]\n        listring[]\n    ","xoffset":"2","yoffset":"0","zoffset":"0"},"inventory":{"main":["super_sam:coin"]}},"(14,6,1)":{"fields":{"formspec":"        size[8,5.5;]\n        field[0.2,0.5;1,1;xoffset;X Offset;${xoffset}]\n        field[1.2,0.5;1,1;yoffset;Y Offset;${yoffset}]\n        field[2.2,0.5;1,1;zoffset;Z Offset;${zoffset}]\n        button_exit[6.1,0.2;2,1;save;Save]\n        label[4,0.5;Item]\n        list[context;main;5,0.2;1,1;]\n        list[current_player;main;0,1.5;8,4;]\n        listring[]\n    ","xoffset":"2","yoffset":"0","zoffset":"0"},"inventory":{"main":["super_sam:coin"]}},"(14,6,2)":{"fields":{"formspec":"        size[8,5.5;]\n        field[0.2,0.5;1,1;xoffset;X Offset;${xoffset}]\n        field[1.2,0.5;1,1;yoffset;Y Offset;${yoffset}]\n        field[2.2,0.5;1,1;zoffset;Z Offset;${zoffset}]\n        button_exit[6.1,0.2;2,1;save;Save]\n        label[4,0.5;Item]\n        list[context;main;5,0.2;1,1;]\n        list[current_player;main;0,1.5;8,4;]\n        listring[]\n    ","xoffset":"2","yoffset":"0","zoffset":"0"},"inventory":{"main":["super_sam:coin"]}},"(14,6,3)":{"fields":{"formspec":"        size[8,5.5;]\n        field[0.2,0.5;1,1;xoffset;X Offset;${xoffset}]\n        field[1.2,0.5;1,1;yoffset;Y Offset;${yoffset}]\n        field[2.2,0.5;1,1;zoffset;Z Offset;${zoffset}]\n        button_exit[6.1,0.2;2,1;save;Save]\n        label[4,0.5;Item]\n        list[context;main;5,0.2;1,1;]\n        list[current_player;main;0,1.5;8,4;]\n        listring[]\n    ","xoffset":"2","yoffset":"0","zoffset":"0"},"inventory":{"main":["super_sam:coin"]}},"(15,8,14)":{"fields":{"formspec":"        size[8,5.5;]\n        field[0.2,0.5;1,1;xoffset;X Offset;${xoffset}]\n        field[1.2,0.5;1,1;yoffset;Y Offset;${yoffset}]\n        field[2.2,0.5;1,1;zoffset;Z Offset;${zoffset}]\n        button_exit[6.1,0.2;2,1;save;Save]\n        label[4,0.5;Item]\n        list[context;main;5,0.2;1,1;]\n        list[current_player;main;0,1.5;8,4;]\n        listring[]\n    ","xoffset":"0","yoffset":"2","zoffset":"0"},"inventory":{"main":["super_sam:coin"]}},"(3,8,14)":{"fields":{"formspec":"        size[8,5.5;]\n        field[0.2,0.5;1,1;xoffset;X Offset;${xoffset}]\n        field[1.2,0.5;1,1;yoffset;Y Offset;${yoffset}]\n        field[2.2,0.5;1,1;zoffset;Z Offset;${zoffset}]\n        button_exit[6.1,0.2;2,1;save;Save]\n        label[4,0.5;Item]\n        list[context;main;5,0.2;1,1;]\n        list[current_player;main;0,1.5;8,4;]\n        listring[]\n    ","xoffset":"0","yoffset":"2","zoffset":"0"},"inventory":{"main":["super_sam:coin"]}},"(5,8,14)":{"fields":{"formspec":"        size[8,5.5;]\n        field[0.2,0.5;1,1;xoffset;X Offset;${xoffset}]\n        field[1.2,0.5;1,1;yoffset;Y Offset;${yoffset}]\n        field[2.2,0.5;1,1;zoffset;Z Offset;${zoffset}]\n        button_exit[6.1,0.2;2,1;save;Save]\n        label[4,0.5;Item]\n        list[context;main;5,0.2;1,1;]\n        list[current_player;main;0,1.5;8,4;]\n        listring[]\n    ","xoffset":"0","yoffset":"2","zoffset":"0"},"inventory":{"main":["super_sam:coin"]}},"(7,8,14)":{"fields":{"formspec":"        size[8,5.5;]\n        field[0.2,0.5;1,1;xoffset;X Offset;${xoffset}]\n        field[1.2,0.5;1,1;yoffset;Y Offset;${yoffset}]\n        field[2.2,0.5;1,1;zoffset;Z Offset;${zoffset}]\n        button_exit[6.1,0.2;2,1;save;Save]\n        label[4,0.5;Item]\n        list[context;main;5,0.2;1,1;]\n        list[current_player;main;0,1.5;8,4;]\n        listring[]\n    ","xoffset":"0","yoffset":"2","zoffset":"0"},"inventory":{"main":["super_sam:coin"]}},"(9,8,14)":{"fields":{"formspec":"        size[8,5.5;]\n        field[0.2,0.5;1,1;xoffset;X Offset;${xoffset}]\n        field[1.2,0.5;1,1;yoffset;Y Offset;${yoffset}]\n        field[2.2,0.5;1,1;zoffset;Z Offset;${zoffset}]\n        button_exit[6.1,0.2;2,1;save;Save]\n        label[4,0.5;Item]\n        list[context;main;5,0.2;1,1;]\n        list[current_player;main;0,1.5;8,4;]\n        listring[]\n    ","xoffset":"0","yoffset":"2","zoffset":"0"},"inventory":{"main":["super_sam:coin"]}}},"timers":null},"(4,1,0)":{"meta":{"(0,12,15)":{"fields":{"formspec":"        size[8,5.5;]\n        field[0.2,0.5;1,1;xoffset;X Offset;${xoffset}]\n        field[1.2,0.5;1,1;yoffset;Y Offset;${yoffset}]\n        field[2.2,0.5;1,1;zoffset;Z Offset;${zoffset}]\n        button_exit[6.1,0.2;2,1;save;Save]\n        label[4,0.5;Item]\n        list[context;main;5,0.2;1,1;]\n        list[current_player;main;0,1.5;8,4;]\n        listring[]\n    ","xoffset":"0","yoffset":"5","zoffset":"0"},"inventory":{"main":["super_sam:coin"]}},"(10,12,15)":{"fields":{"formspec":"        size[8,5.5;]\n        field[0.2,0.5;1,1;xoffset;X Offset;${xoffset}]\n        field[1.2,0.5;1,1;yoffset;Y Offset;${yoffset}]\n        field[2.2,0.5;1,1;zoffset;Z Offset;${zoffset}]\n        button_exit[6.1,0.2;2,1;save;Save]\n        label[4,0.5;Item]\n        list[context;main;5,0.2;1,1;]\n        list[current_player;main;0,1.5;8,4;]\n        listring[]\n    ","xoffset":"0","yoffset":"14","zoffset":"0"},"inventory":{"main":["super_sam:coin"]}},"(12,12,15)":{"fields":{"formspec":"        size[8,5.5;]\n        field[0.2,0.5;1,1;xoffset;X Offset;${xoffset}]\n        field[1.2,0.5;1,1;yoffset;Y Offset;${yoffset}]\n        field[2.2,0.5;1,1;zoffset;Z Offset;${zoffset}]\n        button_exit[6.1,0.2;2,1;save;Save]\n        label[4,0.5;Item]\n        list[context;main;5,0.2;1,1;]\n        list[current_player;main;0,1.5;8,4;]\n        listring[]\n    ","xoffset":"0","yoffset":"14","zoffset":"0"},"inventory":{"main":["super_sam:coin"]}},"(14,12,15)":{"fields":{"formspec":"        size[8,5.5;]\n        field[0.2,0.5;1,1;xoffset;X Offset;${xoffset}]\n        field[1.2,0.5;1,1;yoffset;Y Offset;${yoffset}]\n        field[2.2,0.5;1,1;zoffset;Z Offset;${zoffset}]\n        button_exit[6.1,0.2;2,1;save;Save]\n        label[4,0.5;Item]\n        list[context;main;5,0.2;1,1;]\n        list[current_player;main;0,1.5;8,4;]\n        listring[]\n    ","xoffset":"0","yoffset":"14","zoffset":"0"},"inventory":{"main":["super_sam:coin"]}},"(4,12,15)":{"fields":{"formspec":"        size[8,5.5;]\n        field[0.2,0.5;1,1;xoffset;X Offset;${xoffset}]\n        field[1.2,0.5;1,1;yoffset;Y Offset;${yoffset}]\n        field[2.2,0.5;1,1;zoffset;Z Offset;${zoffset}]\n        button_exit[6.1,0.2;2,1;save;Save]\n        label[4,0.5;Item]\n        list[context;main;5,0.2;1,1;]\n        list[current_player;main;0,1.5;8,4;]\n        listring[]\n    ","xoffset":"0","yoffset":"5","zoffset":"0"},"inventory":{"main":["super_sam:coin"]}},"(6,12,15)":{"fields":{"formspec":"        size[8,5.5;]\n        field[0.2,0.5;1,1;xoffset;X Offset;${xoffset}]\n        field[1.2,0.5;1,1;yoffset;Y Offset;${yoffset}]\n        field[2.2,0.5;1,1;zoffset;Z Offset;${zoffset}]\n        button_exit[6.1,0.2;2,1;save;Save]\n        label[4,0.5;Item]\n        list[context;main;5,0.2;1,1;]\n        list[current_player;main;0,1.5;8,4;]\n        listring[]\n    ","xoffset":"0","yoffset":"5","zoffset":"0"},"inventory":{"main":["super_sam:coin"]}},"(8,12,15)":{"fields":{"formspec":"        size[8,5.5;]\n        field[0.2,0.5;1,1;xoffset;X Offset;${xoffset}]\n        field[1.2,0.5;1,1;yoffset;Y Offset;${yoffset}]\n        field[2.2,0.5;1,1;zoffset;Z Offset;${zoffset}]\n        button_exit[6.1,0.2;2,1;save;Save]\n        label[4,0.5;Item]\n        list[context;main;5,0.2;1,1;]\n        list[current_player;main;0,1.5;8,4;]\n        listring[]\n    ","xoffset":"0","yoffset":"5","zoffset":"0"},"inventory":{"main":["super_sam:coin"]}}},"timers":null},"(4,1,1)":{"meta":{"(10,13,2)":{"fields":{"formspec":"        size[8,7.5;]\n        field[0.2,0.5;1,1;xoffset;X Offset;${xoffset}]\n        field[1.2,0.5;1,1;yoffset;Y Offset;${yoffset}]\n        field[2.2,0.5;1,1;zoffset;Z Offset;${zoffset}]\n        field[3.2,0.5;1,1;interval;Interval;${interval}]\n        button_exit[6.1,0.2;2,1;save;Save]\n        label[4,0.5;Item]\n        list[context;main;5,0.2;1,1;]\n\n        field[0.2,1.5;1,1;xvel;X Speed;${xvel}]\n        field[1.2,1.5;1,1;yvel;Y Speed;${yvel}]\n        field[2.2,1.5;1,1;zvel;Z Speed;${zvel}]\n\n        field[0.2,2.5;1,1;xsize;X Size;${xsize}]\n        field[1.2,2.5;1,1;ysize;Y Size;${ysize}]\n        field[2.2,2.5;1,1;zsize;Z Size;${zsize}]\n\n        list[current_player;main;0,3.5;8,4;]\n        listring[]\n    ","interval":"4","xoffset":"0","xsize":"0.9","xvel":"0","yoffset":"2","ysize":"0.9","yvel":"0","zoffset":"0","zsize":"0.9","zvel":"-1"},"inventory":{"main":["super_sam:obsidian_block"]}}},"timers":{"(10,13,2)":{"elapsed":0.0,"timeout":4.0}}}}