{"(0,2,2)":{"meta":{"(14,7,9)":{"fields":{"formspec":"        size[8,5.5;]\n        field[0.2,0.5;1,1;xoffset;X Offset;${xoffset}]\n        field[1.2,0.5;1,1;yoffset;Y Offset;${yoffset}]\n        field[2.2,0.5;1,1;zoffset;Z Offset;${zoffset}]\n        button_exit[6.1,0.2;2,1;save;Save]\n        label[4,0.5;Item]\n        list[context;main;5,0.2;1,1;]\n        list[current_player;main;0,1.5;8,4;]\n        listring[]\n    ","xoffset":"0","yoffset":"3","zoffset":"0"},"inventory":{"main":["super_sam:coin"]}}},"timers":null},"(0,2,3)":{"meta":{"(11,7,2)":{"fields":{"theme":"main","xminus":"40","xplus":"35","yminus":"15","yplus":"36","zminus":"26","zplus":"25"},"inventory":null},"(13,7,12)":{"fields":{"formspec":"        size[8,5.5;]\n        field[0.2,0.5;1,1;xoffset;X Offset;${xoffset}]\n        field[1.2,0.5;1,1;yoffset;Y Offset;${yoffset}]\n        field[2.2,0.5;1,1;zoffset;Z Offset;${zoffset}]\n        button_exit[6.1,0.2;2,1;save;Save]\n        label[4,0.5;Item]\n        list[context;main;5,0.2;1,1;]\n        list[current_player;main;0,1.5;8,4;]\n        listring[]\n    ","xoffset":"0","yoffset":"3","zoffset":"0"},"inventory":{"main":["super_sam:coin"]}},"(15,7,12)":{"fields":{"formspec":"        size[8,5.5;]\n        field[0.2,0.5;1,1;xoffset;X Offset;${xoffset}]\n        field[1.2,0.5;1,1;yoffset;Y Offset;${yoffset}]\n        field[2.2,0.5;1,1;zoffset;Z Offset;${zoffset}]\n        button_exit[6.1,0.2;2,1;save;Save]\n        label[4,0.5;Item]\n        list[context;main;5,0.2;1,1;]\n        list[current_player;main;0,1.5;8,4;]\n        listring[]\n    ","xoffset":"0","yoffset":"3","zoffset":"0"},"inventory":{"main":["super_sam:coin"]}},"(15,7,2)":{"fields":{"formspec":"        size[8,5.5;]\n        field[0.2,0.5;1,1;xoffset;X Offset;${xoffset}]\n        field[1.2,0.5;1,1;yoffset;Y Offset;${yoffset}]\n        field[2.2,0.5;1,1;zoffset;Z Offset;${zoffset}]\n        button_exit[6.1,0.2;2,1;save;Save]\n        label[4,0.5;Item]\n        list[context;main;5,0.2;1,1;]\n        list[current_player;main;0,1.5;8,4;]\n        listring[]\n    ","xoffset":"0","yoffset":"12","zoffset":"0"},"inventory":{"main":["super_sam:coin"]}},"(5,7,1)":{"fields":{"formspec":"        size[8,5.5;]\n        field[0.2,0.5;1,1;xoffset;X Offset;${xoffset}]\n        field[1.2,0.5;1,1;yoffset;Y Offset;${yoffset}]\n        field[2.2,0.5;1,1;zoffset;Z Offset;${zoffset}]\n        button_exit[6.1,0.2;2,1;save;Save]\n        label[4,0.5;Item]\n        list[context;main;5,0.2;1,1;]\n        list[current_player;main;0,1.5;8,4;]\n        listring[]\n    ","xoffset":"0","yoffset":"3","zoffset":"0"},"inventory":{"main":["super_sam:mushroom_1"]}},"(7,7,1)":{"fields":{"formspec":"        size[8,5.5;]\n        field[0.2,0.5;1,1;xoffset;X Offset;${xoffset}]\n        field[1.2,0.5;1,1;yoffset;Y Offset;${yoffset}]\n        field[2.2,0.5;1,1;zoffset;Z Offset;${zoffset}]\n        button_exit[6.1,0.2;2,1;save;Save]\n        label[4,0.5;Item]\n        list[context;main;5,0.2;1,1;]\n        list[current_player;main;0,1.5;8,4;]\n        listring[]\n    ","xoffset":"0","yoffset":"3","zoffset":"0"},"inventory":{"main":["super_sam:heart"]}}},"timers":null},"(0,3,3)":{"meta":{"(15,5,2)":{"fields":{"maxvel":"(7,7,7)","minvel":"(-7,0,-7)","regenerate":"15"},"inventory":{"main":["super_sam:coin 6","","","","","","",""]}}},"timers":null},"(1,2,2)":{"meta":{"(0,7,9)":{"fields":{"formspec":"        size[8,5.5;]\n        field[0.2,0.5;1,1;xoffset;X Offset;${xoffset}]\n        field[1.2,0.5;1,1;yoffset;Y Offset;${yoffset}]\n        field[2.2,0.5;1,1;zoffset;Z Offset;${zoffset}]\n        button_exit[6.1,0.2;2,1;save;Save]\n        label[4,0.5;Item]\n        list[context;main;5,0.2;1,1;]\n        list[current_player;main;0,1.5;8,4;]\n        listring[]\n    ","xoffset":"0","yoffset":"3","zoffset":"0"},"inventory":{"main":["super_sam:coin"]}},"(10,7,9)":{"fields":{"formspec":"        size[8,5.5;]\n        field[0.2,0.5;1,1;xoffset;X Offset;${xoffset}]\n        field[1.2,0.5;1,1;yoffset;Y Offset;${yoffset}]\n        field[2.2,0.5;1,1;zoffset;Z Offset;${zoffset}]\n        button_exit[6.1,0.2;2,1;save;Save]\n        label[4,0.5;Item]\n        list[context;main;5,0.2;1,1;]\n        list[current_player;main;0,1.5;8,4;]\n        listring[]\n    ","xoffset":"0","yoffset":"3","zoffset":"0"},"inventory":{"main":["super_sam:coin"]}},"(12,7,9)":{"fields":{"formspec":"        size[8,5.5;]\n        field[0.2,0.5;1,1;xoffset;X Offset;${xoffset}]\n        field[1.2,0.5;1,1;yoffset;Y Offset;${yoffset}]\n        field[2.2,0.5;1,1;zoffset;Z Offset;${zoffset}]\n        button_exit[6.1,0.2;2,1;save;Save]\n        label[4,0.5;Item]\n        list[context;main;5,0.2;1,1;]\n        list[current_player;main;0,1.5;8,4;]\n        listring[]\n    ","xoffset":"0","yoffset":"3","zoffset":"0"},"inventory":{"main":["super_sam:coin"]}},"(14,7,14)":{"fields":{"formspec":"        size[8,5.5;]\n        field[0.2,0.5;1,1;xoffset;X Offset;${xoffset}]\n        field[1.2,0.5;1,1;yoffset;Y Offset;${yoffset}]\n        field[2.2,0.5;1,1;zoffset;Z Offset;${zoffset}]\n        button_exit[6.1,0.2;2,1;save;Save]\n        label[4,0.5;Item]\n        list[context;main;5,0.2;1,1;]\n        list[current_player;main;0,1.5;8,4;]\n        listring[]\n    ","xoffset":"0","yoffset":"3","zoffset":"0"},"inventory":{"main":["super_sam:coin"]}},"(14,7,15)":{"fields":{"formspec":"        size[8,5.5;]\n        field[0.2,0.5;1,1;xoffset;X Offset;${xoffset}]\n        field[1.2,0.5;1,1;yoffset;Y Offset;${yoffset}]\n        field[2.2,0.5;1,1;zoffset;Z Offset;${zoffset}]\n        button_exit[6.1,0.2;2,1;save;Save]\n        label[4,0.5;Item]\n        list[context;main;5,0.2;1,1;]\n        list[current_player;main;0,1.5;8,4;]\n        listring[]\n    ","xoffset":"0","yoffset":"3","zoffset":"0"},"inventory":{"main":["super_sam:coin"]}},"(15,7,15)":{"fields":{"formspec":"        size[8,5.5;]\n        field[0.2,0.5;1,1;xoffset;X Offset;${xoffset}]\n        field[1.2,0.5;1,1;yoffset;Y Offset;${yoffset}]\n        field[2.2,0.5;1,1;zoffset;Z Offset;${zoffset}]\n        button_exit[6.1,0.2;2,1;save;Save]\n        label[4,0.5;Item]\n        list[context;main;5,0.2;1,1;]\n        list[current_player;main;0,1.5;8,4;]\n        listring[]\n    ","xoffset":"0","yoffset":"3","zoffset":"0"},"inventory":{"main":["super_sam:coin"]}},"(2,7,9)":{"fields":{"formspec":"        size[8,5.5;]\n        field[0.2,0.5;1,1;xoffset;X Offset;${xoffset}]\n        field[1.2,0.5;1,1;yoffset;Y Offset;${yoffset}]\n        field[2.2,0.5;1,1;zoffset;Z Offset;${zoffset}]\n        button_exit[6.1,0.2;2,1;save;Save]\n        label[4,0.5;Item]\n        list[context;main;5,0.2;1,1;]\n        list[current_player;main;0,1.5;8,4;]\n        listring[]\n    ","xoffset":"0","yoffset":"3","zoffset":"0"},"inventory":{"main":["super_sam:coin"]}},"(4,7,9)":{"fields":{"formspec":"        size[8,5.5;]\n        field[0.2,0.5;1,1;xoffset;X Offset;${xoffset}]\n        field[1.2,0.5;1,1;yoffset;Y Offset;${yoffset}]\n        field[2.2,0.5;1,1;zoffset;Z Offset;${zoffset}]\n        button_exit[6.1,0.2;2,1;save;Save]\n        label[4,0.5;Item]\n        list[context;main;5,0.2;1,1;]\n        list[current_player;main;0,1.5;8,4;]\n        listring[]\n    ","xoffset":"0","yoffset":"3","zoffset":"0"},"inventory":{"main":["super_sam:coin"]}},"(6,7,9)":{"fields":{"formspec":"        size[8,5.5;]\n        field[0.2,0.5;1,1;xoffset;X Offset;${xoffset}]\n        field[1.2,0.5;1,1;yoffset;Y Offset;${yoffset}]\n        field[2.2,0.5;1,1;zoffset;Z Offset;${zoffset}]\n        button_exit[6.1,0.2;2,1;save;Save]\n        label[4,0.5;Item]\n        list[context;main;5,0.2;1,1;]\n        list[current_player;main;0,1.5;8,4;]\n        listring[]\n    ","xoffset":"0","yoffset":"3","zoffset":"0"},"inventory":{"main":["super_sam:coin"]}},"(7,7,13)":{"fields":{"formspec":"        size[8,5.5;]\n        field[0.2,0.5;1,1;xoffset;X Offset;${xoffset}]\n        field[1.2,0.5;1,1;yoffset;Y Offset;${yoffset}]\n        field[2.2,0.5;1,1;zoffset;Z Offset;${zoffset}]\n        button_exit[6.1,0.2;2,1;save;Save]\n        label[4,0.5;Item]\n        list[context;main;5,0.2;1,1;]\n        list[current_player;main;0,1.5;8,4;]\n        listring[]\n    ","xoffset":"0","yoffset":"8","zoffset":"0"},"inventory":{"main":["super_sam:coin"]}},"(8,7,9)":{"fields":{"formspec":"        size[8,5.5;]\n        field[0.2,0.5;1,1;xoffset;X Offset;${xoffset}]\n        field[1.2,0.5;1,1;yoffset;Y Offset;${yoffset}]\n        field[2.2,0.5;1,1;zoffset;Z Offset;${zoffset}]\n        button_exit[6.1,0.2;2,1;save;Save]\n        label[4,0.5;Item]\n        list[context;main;5,0.2;1,1;]\n        list[current_player;main;0,1.5;8,4;]\n        listring[]\n    ","xoffset":"0","yoffset":"3","zoffset":"0"},"inventory":{"main":["super_sam:coin"]}}},"timers":null},"(1,2,3)":{"meta":{"(1,7,12)":{"fields":{"formspec":"        size[8,5.5;]\n        field[0.2,0.5;1,1;xoffset;X Offset;${xoffset}]\n        field[1.2,0.5;1,1;yoffset;Y Offset;${yoffset}]\n        field[2.2,0.5;1,1;zoffset;Z Offset;${zoffset}]\n        button_exit[6.1,0.2;2,1;save;Save]\n        label[4,0.5;Item]\n        list[context;main;5,0.2;1,1;]\n        list[current_player;main;0,1.5;8,4;]\n        listring[]\n    ","xoffset":"0","yoffset":"3","zoffset":"0"},"inventory":{"main":["super_sam:coin"]}},"(1,7,2)":{"fields":{"formspec":"        size[8,5.5;]\n        field[0.2,0.5;1,1;xoffset;X Offset;${xoffset}]\n        field[1.2,0.5;1,1;yoffset;Y Offset;${yoffset}]\n        field[2.2,0.5;1,1;zoffset;Z Offset;${zoffset}]\n        button_exit[6.1,0.2;2,1;save;Save]\n        label[4,0.5;Item]\n        list[context;main;5,0.2;1,1;]\n        list[current_player;main;0,1.5;8,4;]\n        listring[]\n    ","xoffset":"0","yoffset":"12","zoffset":"0"},"inventory":{"main":["super_sam:coin"]}},"(10,7,12)":{"fields":{"formspec":"        size[8,5.5;]\n        field[0.2,0.5;1,1;xoffset;X Offset;${xoffset}]\n        field[1.2,0.5;1,1;yoffset;Y Offset;${yoffset}]\n        field[2.2,0.5;1,1;zoffset;Z Offset;${zoffset}]\n        button_exit[6.1,0.2;2,1;save;Save]\n        label[4,0.5;Item]\n        list[context;main;5,0.2;1,1;]\n        list[current_player;main;0,1.5;8,4;]\n        listring[]\n    ","xoffset":"0","yoffset":"3","zoffset":"0"},"inventory":{"main":["super_sam:coin"]}},"(10,7,7)":{"fields":{"formspec":"        size[8,5.5;]\n        field[0.2,0.5;1,1;xoffset;X Offset;${xoffset}]\n        field[1.2,0.5;1,1;yoffset;Y Offset;${yoffset}]\n        field[2.2,0.5;1,1;zoffset;Z Offset;${zoffset}]\n        button_exit[6.1,0.2;2,1;save;Save]\n        label[4,0.5;Item]\n        list[context;main;5,0.2;1,1;]\n        list[current_player;main;0,1.5;8,4;]\n        listring[]\n    ","xoffset":"0","yoffset":"8","zoffset":"0"},"inventory":{"main":["super_sam:coin"]}},"(11,7,2)":{"fields":{"formspec":"        size[8,5.5;]\n        field[0.2,0.5;1,1;xoffset;X Offset;${xoffset}]\n        field[1.2,0.5;1,1;yoffset;Y Offset;${yoffset}]\n        field[2.2,0.5;1,1;zoffset;Z Offset;${zoffset}]\n        button_exit[6.1,0.2;2,1;save;Save]\n        label[4,0.5;Item]\n        list[context;main;5,0.2;1,1;]\n        list[current_player;main;0,1.5;8,4;]\n        listring[]\n    ","xoffset":"0","yoffset":"12","zoffset":"0"},"inventory":{"main":["super_sam:coin"]}},"(12,7,12)":{"fields":{"formspec":"        size[8,5.5;]\n        field[0.2,0.5;1,1;xoffset;X Offset;${xoffset}]\n        field[1.2,0.5;1,1;yoffset;Y Offset;${yoffset}]\n        field[2.2,0.5;1,1;zoffset;Z Offset;${zoffset}]\n        button_exit[6.1,0.2;2,1;save;Save]\n        label[4,0.5;Item]\n        list[context;main;5,0.2;1,1;]\n        list[current_player;main;0,1.5;8,4;]\n        listring[]\n    ","xoffset":"0","yoffset":"3","zoffset":"0"},"inventory":{"main":["super_sam:coin"]}},"(13,7,2)":{"fields":{"formspec":"        size[8,5.5;]\n        field[0.2,0.5;1,1;xoffset;X Offset;${xoffset}]\n        field[1.2,0.5;1,1;yoffset;Y Offset;${yoffset}]\n        field[2.2,0.5;1,1;zoffset;Z Offset;${zoffset}]\n        button_exit[6.1,0.2;2,1;save;Save]\n        label[4,0.5;Item]\n        list[context;main;5,0.2;1,1;]\n        list[current_player;main;0,1.5;8,4;]\n        listring[]\n    ","xoffset":"0","yoffset":"12","zoffset":"0"},"inventory":{"main":["super_sam:coin"]}},"(15,7,2)":{"fields":{"formspec":"        size[8,5.5;]\n        field[0.2,0.5;1,1;xoffset;X Offset;${xoffset}]\n        field[1.2,0.5;1,1;yoffset;Y Offset;${yoffset}]\n        field[2.2,0.5;1,1;zoffset;Z Offset;${zoffset}]\n        button_exit[6.1,0.2;2,1;save;Save]\n        label[4,0.5;Item]\n        list[context;main;5,0.2;1,1;]\n        list[current_player;main;0,1.5;8,4;]\n        listring[]\n    ","xoffset":"0","yoffset":"12","zoffset":"0"},"inventory":{"main":["super_sam:coin"]}},"(3,7,12)":{"fields":{"formspec":"        size[8,5.5;]\n        field[0.2,0.5;1,1;xoffset;X Offset;${xoffset}]\n        field[1.2,0.5;1,1;yoffset;Y Offset;${yoffset}]\n        field[2.2,0.5;1,1;zoffset;Z Offset;${zoffset}]\n        button_exit[6.1,0.2;2,1;save;Save]\n        label[4,0.5;Item]\n        list[context;main;5,0.2;1,1;]\n        list[current_player;main;0,1.5;8,4;]\n        listring[]\n    ","xoffset":"0","yoffset":"3","zoffset":"0"},"inventory":{"main":["super_sam:coin"]}},"(3,7,2)":{"fields":{"formspec":"        size[8,5.5;]\n        field[0.2,0.5;1,1;xoffset;X Offset;${xoffset}]\n        field[1.2,0.5;1,1;yoffset;Y Offset;${yoffset}]\n        field[2.2,0.5;1,1;zoffset;Z Offset;${zoffset}]\n        button_exit[6.1,0.2;2,1;save;Save]\n        label[4,0.5;Item]\n        list[context;main;5,0.2;1,1;]\n        list[current_player;main;0,1.5;8,4;]\n        listring[]\n    ","xoffset":"0","yoffset":"12","zoffset":"0"},"inventory":{"main":["super_sam:coin"]}},"(4,7,7)":{"fields":{"formspec":"        size[8,5.5;]\n        field[0.2,0.5;1,1;xoffset;X Offset;${xoffset}]\n        field[1.2,0.5;1,1;yoffset;Y Offset;${yoffset}]\n        field[2.2,0.5;1,1;zoffset;Z Offset;${zoffset}]\n        button_exit[6.1,0.2;2,1;save;Save]\n        label[4,0.5;Item]\n        list[context;main;5,0.2;1,1;]\n        list[current_player;main;0,1.5;8,4;]\n        listring[]\n    ","xoffset":"0","yoffset":"8","zoffset":"0"},"inventory":{"main":["super_sam:coin"]}},"(5,7,12)":{"fields":{"formspec":"        size[8,5.5;]\n        field[0.2,0.5;1,1;xoffset;X Offset;${xoffset}]\n        field[1.2,0.5;1,1;yoffset;Y Offset;${yoffset}]\n        field[2.2,0.5;1,1;zoffset;Z Offset;${zoffset}]\n        button_exit[6.1,0.2;2,1;save;Save]\n        label[4,0.5;Item]\n        list[context;main;5,0.2;1,1;]\n        list[current_player;main;0,1.5;8,4;]\n        listring[]\n    ","xoffset":"0","yoffset":"3","zoffset":"0"},"inventory":{"main":["super_sam:coin"]}},"(5,7,2)":{"fields":{"formspec":"        size[8,5.5;]\n        field[0.2,0.5;1,1;xoffset;X Offset;${xoffset}]\n        field[1.2,0.5;1,1;yoffset;Y Offset;${yoffset}]\n        field[2.2,0.5;1,1;zoffset;Z Offset;${zoffset}]\n        button_exit[6.1,0.2;2,1;save;Save]\n        label[4,0.5;Item]\n        list[context;main;5,0.2;1,1;]\n        list[current_player;main;0,1.5;8,4;]\n        listring[]\n    ","xoffset":"0","yoffset":"12","zoffset":"0"},"inventory":{"main":["super_sam:coin"]}},"(6,7,7)":{"fields":{"formspec":"        size[8,5.5;]\n        field[0.2,0.5;1,1;xoffset;X Offset;${xoffset}]\n        field[1.2,0.5;1,1;yoffset;Y Offset;${yoffset}]\n        field[2.2,0.5;1,1;zoffset;Z Offset;${zoffset}]\n        button_exit[6.1,0.2;2,1;save;Save]\n        label[4,0.5;Item]\n        list[context;main;5,0.2;1,1;]\n        list[current_player;main;0,1.5;8,4;]\n        listring[]\n    ","xoffset":"0","yoffset":"8","zoffset":"0"},"inventory":{"main":["super_sam:coin"]}},"(7,7,12)":{"fields":{"formspec":"        size[8,5.5;]\n        field[0.2,0.5;1,1;xoffset;X Offset;${xoffset}]\n        field[1.2,0.5;1,1;yoffset;Y Offset;${yoffset}]\n        field[2.2,0.5;1,1;zoffset;Z Offset;${zoffset}]\n        button_exit[6.1,0.2;2,1;save;Save]\n        label[4,0.5;Item]\n        list[context;main;5,0.2;1,1;]\n        list[current_player;main;0,1.5;8,4;]\n        listring[]\n    ","xoffset":"0","yoffset":"3","zoffset":"0"},"inventory":{"main":["super_sam:coin"]}},"(7,7,2)":{"fields":{"formspec":"        size[8,5.5;]\n        field[0.2,0.5;1,1;xoffset;X Offset;${xoffset}]\n        field[1.2,0.5;1,1;yoffset;Y Offset;${yoffset}]\n        field[2.2,0.5;1,1;zoffset;Z Offset;${zoffset}]\n        button_exit[6.1,0.2;2,1;save;Save]\n        label[4,0.5;Item]\n        list[context;main;5,0.2;1,1;]\n        list[current_player;main;0,1.5;8,4;]\n        listring[]\n    ","xoffset":"0","yoffset":"12","zoffset":"0"},"inventory":{"main":["super_sam:coin"]}},"(8,7,7)":{"fields":{"formspec":"        size[8,5.5;]\n        field[0.2,0.5;1,1;xoffset;X Offset;${xoffset}]\n        field[1.2,0.5;1,1;yoffset;Y Offset;${yoffset}]\n        field[2.2,0.5;1,1;zoffset;Z Offset;${zoffset}]\n        button_exit[6.1,0.2;2,1;save;Save]\n        label[4,0.5;Item]\n        list[context;main;5,0.2;1,1;]\n        list[current_player;main;0,1.5;8,4;]\n        listring[]\n    ","xoffset":"0","yoffset":"8","zoffset":"0"},"inventory":{"main":["super_sam:coin"]}},"(9,7,2)":{"fields":{"formspec":"        size[8,5.5;]\n        field[0.2,0.5;1,1;xoffset;X Offset;${xoffset}]\n        field[1.2,0.5;1,1;yoffset;Y Offset;${yoffset}]\n        field[2.2,0.5;1,1;zoffset;Z Offset;${zoffset}]\n        button_exit[6.1,0.2;2,1;save;Save]\n        label[4,0.5;Item]\n        list[context;main;5,0.2;1,1;]\n        list[current_player;main;0,1.5;8,4;]\n        listring[]\n    ","xoffset":"0","yoffset":"12","zoffset":"0"},"inventory":{"main":["super_sam:coin"]}}},"timers":null},"(1,3,3)":{"meta":{"(13,5,2)":{"fields":{"maxvel":"(7,7,7)","minvel":"(-7,0,-7)","regenerate":"15"},"inventory":{"main":["super_sam:coin 6","","","","","","",""]}}},"timers":null},"(2,2,2)":{"meta":{"(0,7,14)":{"fields":{"formspec":"        size[8,5.5;]\n        field[0.2,0.5;1,1;xoffset;X Offset;${xoffset}]\n        field[1.2,0.5;1,1;yoffset;Y Offset;${yoffset}]\n        field[2.2,0.5;1,1;zoffset;Z Offset;${zoffset}]\n        button_exit[6.1,0.2;2,1;save;Save]\n        label[4,0.5;Item]\n        list[context;main;5,0.2;1,1;]\n        list[current_player;main;0,1.5;8,4;]\n        listring[]\n    ","xoffset":"0","yoffset":"3","zoffset":"0"},"inventory":{"main":["super_sam:coin"]}},"(0,7,15)":{"fields":{"formspec":"        size[8,5.5;]\n        field[0.2,0.5;1,1;xoffset;X Offset;${xoffset}]\n        field[1.2,0.5;1,1;yoffset;Y Offset;${yoffset}]\n        field[2.2,0.5;1,1;zoffset;Z Offset;${zoffset}]\n        button_exit[6.1,0.2;2,1;save;Save]\n        label[4,0.5;Item]\n        list[context;main;5,0.2;1,1;]\n        list[current_player;main;0,1.5;8,4;]\n        listring[]\n    ","xoffset":"0","yoffset":"3","zoffset":"0"},"inventory":{"main":["super_sam:coin"]}}},"timers":null},"(2,2,3)":{"meta":{"(1,7,2)":{"fields":{"formspec":"        size[8,5.5;]\n        field[0.2,0.5;1,1;xoffset;X Offset;${xoffset}]\n        field[1.2,0.5;1,1;yoffset;Y Offset;${yoffset}]\n        field[2.2,0.5;1,1;zoffset;Z Offset;${zoffset}]\n        button_exit[6.1,0.2;2,1;save;Save]\n        label[4,0.5;Item]\n        list[context;main;5,0.2;1,1;]\n        list[current_player;main;0,1.5;8,4;]\n        listring[]\n    ","xoffset":"0","yoffset":"12","zoffset":"0"},"inventory":{"main":["super_sam:coin"]}},"(3,7,2)":{"fields":{"formspec":"        size[8,5.5;]\n        field[0.2,0.5;1,1;xoffset;X Offset;${xoffset}]\n        field[1.2,0.5;1,1;yoffset;Y Offset;${yoffset}]\n        field[2.2,0.5;1,1;zoffset;Z Offset;${zoffset}]\n        button_exit[6.1,0.2;2,1;save;Save]\n        label[4,0.5;Item]\n        list[context;main;5,0.2;1,1;]\n        list[current_player;main;0,1.5;8,4;]\n        listring[]\n    ","xoffset":"0","yoffset":"12","zoffset":"0"},"inventory":{"main":["super_sam:coin"]}},"(5,7,2)":{"fields":{"formspec":"        size[8,5.5;]\n        field[0.2,0.5;1,1;xoffset;X Offset;${xoffset}]\n        field[1.2,0.5;1,1;yoffset;Y Offset;${yoffset}]\n        field[2.2,0.5;1,1;zoffset;Z Offset;${zoffset}]\n        button_exit[6.1,0.2;2,1;save;Save]\n        label[4,0.5;Item]\n        list[context;main;5,0.2;1,1;]\n        list[current_player;main;0,1.5;8,4;]\n        listring[]\n    ","xoffset":"0","yoffset":"12","zoffset":"0"},"inventory":{"main":["super_sam:coin"]}},"(7,7,2)":{"fields":{"formspec":"        size[8,5.5;]\n        field[0.2,0.5;1,1;xoffset;X Offset;${xoffset}]\n        field[1.2,0.5;1,1;yoffset;Y Offset;${yoffset}]\n        field[2.2,0.5;1,1;zoffset;Z Offset;${zoffset}]\n        button_exit[6.1,0.2;2,1;save;Save]\n        label[4,0.5;Item]\n        list[context;main;5,0.2;1,1;]\n        list[current_player;main;0,1.5;8,4;]\n        listring[]\n    ","xoffset":"0","yoffset":"12","zoffset":"0"},"inventory":{"main":["super_sam:coin"]}}},"timers":null},"(2,3,3)":{"meta":{"(11,0,2)":{"fields":{"formspec":"        size[8,7.5;]\n        field[0.2,0.5;1,1;xoffset;X Offset;${xoffset}]\n        field[1.2,0.5;1,1;yoffset;Y Offset;${yoffset}]\n        field[2.2,0.5;1,1;zoffset;Z Offset;${zoffset}]\n        field[3.2,0.5;1,1;interval;Interval;${interval}]\n        button_exit[6.1,0.2;2,1;save;Save]\n        label[4,0.5;Item]\n        list[context;main;5,0.2;1,1;]\n\n        field[0.2,1.5;1,1;xvel;X Speed;${xvel}]\n        field[1.2,1.5;1,1;yvel;Y Speed;${yvel}]\n        field[2.2,1.5;1,1;zvel;Z Speed;${zvel}]\n\n        field[0.2,2.5;1,1;xsize;X Size;${xsize}]\n        field[1.2,2.5;1,1;ysize;Y Size;${ysize}]\n        field[2.2,2.5;1,1;zsize;Z Size;${zsize}]\n\n        list[current_player;main;0,3.5;8,4;]\n        listring[]\n    ","interval":"5","xoffset":"0","xsize":"2.9","xvel":"1","yoffset":"1","ysize":"0.9","yvel":"0","zoffset":"0","zsize":"2.9","zvel":"0"},"inventory":{"main":["super_sam:obsidian_block"]}},"(11,2,2)":{"fields":{"name":"s01e03","time":"120","tpx":"0","tpy":"0","tpz":"0","xminus":"5","xplus":"52","yminus":"5","yplus":"25","zminus":"7","zplus":"26"},"inventory":null}},"timers":{"(11,0,2)":{"elapsed":0.0,"timeout":5.0}}},"(4,2,3)":{"meta":{"(12,12,0)":{"fields":{"formspec":"        size[8,5.5;]\n        field[0.2,0.5;1,1;xoffset;X Offset;${xoffset}]\n        field[1.2,0.5;1,1;yoffset;Y Offset;${yoffset}]\n        field[2.2,0.5;1,1;zoffset;Z Offset;${zoffset}]\n        button_exit[6.1,0.2;2,1;save;Save]\n        label[4,0.5;Item]\n        list[context;main;5,0.2;1,1;]\n        list[current_player;main;0,1.5;8,4;]\n        listring[]\n    ","xoffset":"1","yoffset":"2","zoffset":"0"},"inventory":{"main":["super_sam:coin"]}},"(4,14,2)":{"fields":{"formspec":"        size[8,5.5;]\n        field[0.2,0.5;1,1;xoffset;X Offset;${xoffset}]\n        field[1.2,0.5;1,1;yoffset;Y Offset;${yoffset}]\n        field[2.2,0.5;1,1;zoffset;Z Offset;${zoffset}]\n        button_exit[6.1,0.2;2,1;save;Save]\n        label[4,0.5;Item]\n        list[context;main;5,0.2;1,1;]\n        list[current_player;main;0,1.5;8,4;]\n        listring[]\n    ","xoffset":"-13","yoffset":"4","zoffset":"0"},"inventory":{"main":["super_sam:coin"]}},"(5,14,2)":{"fields":{"formspec":"        size[8,5.5;]\n        field[0.2,0.5;1,1;xoffset;X Offset;${xoffset}]\n        field[1.2,0.5;1,1;yoffset;Y Offset;${yoffset}]\n        field[2.2,0.5;1,1;zoffset;Z Offset;${zoffset}]\n        button_exit[6.1,0.2;2,1;save;Save]\n        label[4,0.5;Item]\n        list[context;main;5,0.2;1,1;]\n        list[current_player;main;0,1.5;8,4;]\n        listring[]\n    ","xoffset":"-10","yoffset":"4","zoffset":"0"},"inventory":{"main":["super_sam:coin"]}},"(6,14,2)":{"fields":{"formspec":"        size[8,5.5;]\n        field[0.2,0.5;1,1;xoffset;X Offset;${xoffset}]\n        field[1.2,0.5;1,1;yoffset;Y Offset;${yoffset}]\n        field[2.2,0.5;1,1;zoffset;Z Offset;${zoffset}]\n        button_exit[6.1,0.2;2,1;save;Save]\n        label[4,0.5;Item]\n        list[context;main;5,0.2;1,1;]\n        list[current_player;main;0,1.5;8,4;]\n        listring[]\n    ","xoffset":"-7","yoffset":"4","zoffset":"0"},"inventory":{"main":["super_sam:coin"]}}},"timers":null},"(4,2,4)":{"meta":{"(8,2,7)":{"fields":{"theme":"main","xminus":"26","xplus":"24","yminus":"35","yplus":"41","zminus":"47","zplus":"18"},"inventory":null}},"timers":null},"(4,3,3)":{"meta":{"(4,0,2)":{"fields":{"formspec":"        size[8,5.5;]\n        field[0.2,0.5;1,1;xoffset;X Offset;${xoffset}]\n        field[1.2,0.5;1,1;yoffset;Y Offset;${yoffset}]\n        field[2.2,0.5;1,1;zoffset;Z Offset;${zoffset}]\n        button_exit[6.1,0.2;2,1;save;Save]\n        label[4,0.5;Item]\n        list[context;main;5,0.2;1,1;]\n        list[current_player;main;0,1.5;8,4;]\n        listring[]\n    ","xoffset":"0","yoffset":"3","zoffset":"0"},"inventory":{"main":["super_sam:mushroom_2"]}}},"timers":null}}